Date,Symbol,Close
2022-01-01,BTC,47000.0
2022-01-02,BTC,47466.91130383056
2022-01-03,BTC,47335.65171742698
2022-01-04,BTC,47948.82689864506
2022-01-05,BTC,49409.376797572586
2022-01-06,BTC,49177.98935117002
2022-01-07,BTC,48947.70165565878
2022-01-08,BTC,50493.67841054375
2022-01-09,BTC,51268.690458842335
2022-01-10,BTC,50787.303719425254
2022-01-11,BTC,51338.40695381775
2022-01-12,BTC,50862.58443175364
2022-01-13,BTC,50388.8200534867
2022-01-14,BTC,50632.66392072017
2022-01-15,BTC,48695.17440844194
2022-01-16,BTC,47015.270914552864
2022-01-17,BTC,46486.548904170086
2022-01-18,BTC,45544.88843602825
2022-01-19,BTC,45831.13563011568
2022-01-20,BTC,44998.82013890322
2022-01-21,BTC,43727.78013414534
2022-01-22,BTC,45009.57147657099
2022-01-23,BTC,44806.3295858817
2022-01-24,BTC,44866.8434057935
2022-01-25,BTC,43588.36433052295
2022-01-26,BTC,43113.78927988602
2022-01-27,BTC,43209.43514306862
2022-01-28,BTC,42214.75949639427
2022-01-29,BTC,42531.95952614896
2022-01-30,BTC,42021.032717159644
2022-01-31,BTC,41775.88726509056
2022-02-01,BTC,41273.15071310746
2022-02-02,BTC,42802.13784654423
2022-02-03,BTC,42790.583645068655
2022-02-04,BTC,41885.38228551284
2022-02-05,BTC,42574.43444732175
2022-02-06,BTC,41534.89988839935
2022-02-07,BTC,41708.40245857643
2022-02-08,BTC,40073.70825431991
2022-02-09,BTC,39009.201449699634
2022-02-10,BTC,39162.78944185275
2022-02-11,BTC,39741.19766549686
2022-02-12,BTC,39877.4052802242
2022-02-13,BTC,39785.170211689045
2022-02-14,BTC,39545.58097608128
2022-02-15,BTC,38376.20075418144
2022-02-16,BTC,37823.70303711963
2022-02-17,BTC,37475.2417555163
2022-02-18,BTC,38267.55997536997
2022-02-19,BTC,38530.548645463874
2022-02-20,BTC,37171.93055606168
2022-02-21,BTC,37412.867092155204
2022-02-22,BTC,37124.72644862001
2022-02-23,BTC,36622.11556685178
2022-02-24,BTC,37070.13316164045
2022-02-25,BTC,37834.5189534107
2022-02-26,BTC,38539.20965976342
2022-02-27,BTC,37892.35405821093
2022-02-28,BTC,37658.01836171223
2022-03-01,BTC,37907.51284935942
2022-03-02,BTC,38647.12263818983
2022-03-03,BTC,38276.74852748847
2022-03-04,BTC,38134.62008825583
2022-03-05,BTC,37290.82680977443
2022-03-06,BTC,36398.67612882848
2022-03-07,BTC,36990.17341394121
2022-03-08,BTC,37993.524490896474
2022-03-09,BTC,37938.80612453938
2022-03-10,BTC,38700.26292559383
2022-03-11,BTC,38980.17111064803
2022-03-12,BTC,38477.23354222069
2022-03-13,BTC,38755.343604506284
2022-03-14,BTC,39947.486316699964
2022-03-15,BTC,39918.86311255743
2022-03-16,BTC,41168.039030884844
2022-03-17,BTC,39011.04365696212
2022-03-18,BTC,39652.30914656109
2022-03-19,BTC,39721.34149176272
2022-03-20,BTC,39483.802030234685
2022-03-21,BTC,39556.26331693205
2022-03-22,BTC,37983.84733000201
2022-03-23,BTC,37816.967660995746
2022-03-24,BTC,38087.06595235964
2022-03-25,BTC,39212.83891141303
2022-03-26,BTC,38806.38197977808
2022-03-27,BTC,38178.887748136476
2022-03-28,BTC,37795.75723125946
2022-03-29,BTC,38487.72355545242
2022-03-30,BTC,38740.781191995025
2022-03-31,BTC,38330.314709227714
2022-04-01,BTC,38723.78875405236
2022-04-02,BTC,38798.972964326655
2022-04-03,BTC,39550.62158032097
2022-04-04,BTC,38995.288855416235
2022-04-05,BTC,38739.74325434492
2022-04-06,BTC,38435.939870739414
2022-04-07,BTC,37310.908419812724
2022-04-08,BTC,37531.87875058884
2022-04-09,BTC,37727.83664704199
2022-04-10,BTC,37731.69504018016
2022-04-11,BTC,37554.66763664294
2022-04-12,BTC,36491.5920806363
2022-04-13,BTC,36184.59173005667
2022-04-14,BTC,35936.572032846976
2022-04-15,BTC,35359.950135333005
2022-04-16,BTC,35245.88904089197
2022-04-17,BTC,35530.71167421522
2022-04-18,BTC,36871.06222261285
2022-04-19,BTC,36999.799610605056
2022-04-20,BTC,37190.38586753256
2022-04-21,BTC,37135.01242086045
2022-04-22,BTC,35709.94056260206
2022-04-23,BTC,35691.00438427454
2022-04-24,BTC,35733.997918015964
2022-04-25,BTC,37494.42768839833
2022-04-26,BTC,37350.1784027172
2022-04-27,BTC,37575.435343377714
2022-04-28,BTC,37549.34914621344
2022-04-29,BTC,36671.68715273169
2022-04-30,BTC,37509.87196722967
2022-05-01,BTC,38073.9702029099
2022-05-02,BTC,38676.32473853523
2022-05-03,BTC,37972.8894482394
2022-05-04,BTC,39038.252513995314
2022-05-05,BTC,37943.736198469356
2022-05-06,BTC,38389.08721353651
2022-05-07,BTC,40070.879054668534
2022-05-08,BTC,39277.04582899718
2022-05-09,BTC,38832.195791427876
2022-05-10,BTC,38909.5894178272
2022-05-11,BTC,38517.788798156536
2022-05-12,BTC,37323.22626745993
2022-05-13,BTC,37374.40609590505
2022-05-14,BTC,36580.346688025296
2022-05-15,BTC,36926.83019405449
2022-05-16,BTC,36247.80174257749
2022-05-17,BTC,37371.436043119
2022-05-18,BTC,36786.01003671688
2022-05-19,BTC,36549.062873365234
2022-05-20,BTC,37143.728711889424
2022-05-21,BTC,36229.35090687406
2022-05-22,BTC,36394.16542263461
2022-05-23,BTC,37345.612815241664
2022-05-24,BTC,36144.963885543344
2022-05-25,BTC,36278.435568517314
2022-05-26,BTC,36466.99839264747
2022-05-27,BTC,37037.21306081623
2022-05-28,BTC,36120.94892032584
2022-05-29,BTC,35167.02600287137
2022-05-30,BTC,35534.128655071945
2022-05-31,BTC,35745.190486817
2022-06-01,BTC,35924.26877984098
2022-06-02,BTC,36173.18675176626
2022-06-03,BTC,35681.21352677673
2022-06-04,BTC,35846.95540199243
2022-06-05,BTC,36057.07051959023
2022-06-06,BTC,35541.92213047931
2022-06-07,BTC,36868.18637824211
2022-06-08,BTC,37217.573587048566
2022-06-09,BTC,36330.825075615605
2022-06-10,BTC,36807.8877617764
2022-06-11,BTC,36090.36829135264
2022-06-12,BTC,36658.49175586301
2022-06-13,BTC,37507.93908549146
2022-06-14,BTC,36892.29703738594
2022-06-15,BTC,37603.12020376211
2022-06-16,BTC,37913.55722003038
2022-06-17,BTC,38536.901718315545
2022-06-18,BTC,39998.83221336606
2022-06-19,BTC,39802.527451783004
2022-06-20,BTC,39202.51536431819
2022-06-21,BTC,38505.091302434645
2022-06-22,BTC,37876.83431227345
2022-06-23,BTC,37818.42693882003
2022-06-24,BTC,38076.46355951278
2022-06-25,BTC,38287.17170227161
2022-06-26,BTC,38920.58184397331
2022-06-27,BTC,38930.70266791253
2022-06-28,BTC,40062.44472742233
2022-06-29,BTC,39850.38873235572
2022-06-30,BTC,42018.384706483004
2022-07-01,BTC,42544.1753328165
2022-07-02,BTC,41814.834105456044
2022-07-03,BTC,40919.25026243199
2022-07-04,BTC,41314.098452513106
2022-07-05,BTC,41129.45518224461
2022-07-06,BTC,41716.784208681835
2022-07-07,BTC,42111.623245957104
2022-07-08,BTC,42050.284371332724
2022-07-09,BTC,41338.12603836003
2022-07-10,BTC,40085.70712830155
2022-07-11,BTC,39727.72977636222
2022-07-12,BTC,40408.185373995926
2022-07-13,BTC,40581.20816800045
2022-07-14,BTC,39570.13647396321
2022-07-15,BTC,39707.19233137558
2022-07-16,BTC,40013.189757485874
2022-07-17,BTC,39305.870651220255
2022-07-18,BTC,39426.71663382305
2022-07-19,BTC,39472.61620677882
2022-07-20,BTC,38570.295648738494
2022-07-21,BTC,38846.2949340988
2022-07-22,BTC,39281.98295621438
2022-07-23,BTC,40132.87096571674
2022-07-24,BTC,40978.71300127123
2022-07-25,BTC,39849.6106484681
2022-07-26,BTC,39102.171394528064
2022-07-27,BTC,39504.95134038046
2022-07-28,BTC,39910.89312018362
2022-07-29,BTC,40322.013383382786
2022-07-30,BTC,43429.01119795799
2022-07-31,BTC,43924.87540559202
2022-08-01,BTC,44922.46699078811
2022-08-02,BTC,45779.589245381656
2022-08-03,BTC,46375.99772383795
2022-08-04,BTC,46083.579208401214
2022-08-05,BTC,46783.09957218801
2022-08-06,BTC,46059.99639291583
2022-08-07,BTC,45841.83910947143
2022-08-08,BTC,45396.83995608775
2022-08-09,BTC,45471.17650013301
2022-08-10,BTC,47576.18146458814
2022-08-11,BTC,45799.43451168305
2022-08-12,BTC,46428.0410846237
2022-08-13,BTC,44930.53631011534
2022-08-14,BTC,44506.45327348029
2022-08-15,BTC,45475.75985070142
2022-08-16,BTC,45534.22350493309
2022-08-17,BTC,44552.73807294294
2022-08-18,BTC,43915.36329691766
2022-08-19,BTC,44512.25893772234
2022-08-20,BTC,43862.053565113034
2022-08-21,BTC,44051.93993013051
2022-08-22,BTC,44092.09048920948
2022-08-23,BTC,43517.482059420756
2022-08-24,BTC,45383.463028293074
2022-08-25,BTC,45958.85183853909
2022-08-26,BTC,44097.387276696834
2022-08-27,BTC,44261.830239252806
2022-08-28,BTC,43675.99263608853
2022-08-29,BTC,44420.61007715485
2022-08-30,BTC,43716.524983155294
2022-08-31,BTC,43616.20741295797
2022-09-01,BTC,44056.720010976314
2022-09-02,BTC,44819.566694728346
2022-09-03,BTC,43743.63139733876
2022-09-04,BTC,43450.98542208714
2022-09-05,BTC,43038.248586256275
2022-09-06,BTC,42475.885667852766
2022-09-07,BTC,43975.67031709288
2022-09-08,BTC,44331.85716120631
2022-09-09,BTC,43213.91061399755
2022-09-10,BTC,44007.198696717845
2022-09-11,BTC,45875.00168526597
2022-09-12,BTC,46822.28859662122
2022-09-13,BTC,45399.48101600247
2022-09-14,BTC,44959.801504034614
2022-09-15,BTC,46099.00297984819
2022-09-16,BTC,45446.54584376203
2022-09-17,BTC,45849.94704351403
2022-09-18,BTC,46560.285650070786
2022-09-19,BTC,45697.122699382184
2022-09-20,BTC,45642.71994938857
2022-09-21,BTC,42683.91479971113
2022-09-22,BTC,41809.41730361933
2022-09-23,BTC,41598.22275883532
2022-09-24,BTC,40560.11150367327
2022-09-25,BTC,41884.32719381975
2022-09-26,BTC,40686.31700566129
2022-09-27,BTC,40328.24121601435
2022-09-28,BTC,40433.69196676464
2022-09-29,BTC,41599.211970965145
2022-09-30,BTC,40404.59729120515
2022-10-01,BTC,41344.54055099612
2022-10-02,BTC,41353.002175121816
2022-10-03,BTC,40541.23558748808
2022-10-04,BTC,40915.92050380616
2022-10-05,BTC,41078.814717398076
2022-10-06,BTC,40585.69075965685
2022-10-07,BTC,40642.35007637254
2022-10-08,BTC,40329.1490745157
2022-10-09,BTC,40420.710233299316
2022-10-10,BTC,40955.9860759272
2022-10-11,BTC,42255.123728691906
2022-10-12,BTC,41209.04278756749
2022-10-13,BTC,42967.04805963788
2022-10-14,BTC,41289.53905366355
2022-10-15,BTC,41164.19632147884
2022-10-16,BTC,41648.548421219544
2022-10-17,BTC,41882.60648940618
2022-10-18,BTC,41361.00091041042
2022-10-19,BTC,41188.83801868034
2022-10-20,BTC,40782.715305865924
2022-10-21,BTC,40301.997403990594
2022-10-22,BTC,40986.81063416192
2022-10-23,BTC,41279.469156496176
2022-10-24,BTC,40707.41035118013
2022-10-25,BTC,41439.81797680277
2022-10-26,BTC,41694.50670099248
2022-10-27,BTC,42372.344402210765
2022-10-28,BTC,42905.92140492181
2022-10-29,BTC,42194.54550924792
2022-10-30,BTC,41721.81382136774
2022-10-31,BTC,42345.38271462477
2022-11-01,BTC,42862.309964372915
2022-11-02,BTC,42844.3921523881
2022-11-03,BTC,42944.928560802
2022-11-04,BTC,44042.313114287565
2022-11-05,BTC,43521.229667556334
2022-11-06,BTC,43997.43668308473
2022-11-07,BTC,43819.51751461982
2022-11-08,BTC,43628.74380867145
2022-11-09,BTC,44587.5088842364
2022-11-10,BTC,45323.57406011035
2022-11-11,BTC,46060.99734482812
2022-11-12,BTC,47263.63046222942
2022-11-13,BTC,47283.48481841378
2022-11-14,BTC,47928.387077715735
2022-11-15,BTC,47630.97537356856
2022-11-16,BTC,47939.78256461489
2022-11-17,BTC,47815.00197004126
2022-11-18,BTC,47907.75921518552
2022-11-19,BTC,48478.01200458267
2022-11-20,BTC,47684.697762498865
2022-11-21,BTC,49680.194859362055
2022-11-22,BTC,48680.612068465845
2022-11-23,BTC,47498.46317172448
2022-11-24,BTC,48598.63290519881
2022-11-25,BTC,49368.10739817171
2022-11-26,BTC,49984.339681322876
2022-11-27,BTC,50612.48838876887
2022-11-28,BTC,50600.091595798585
2022-11-29,BTC,49692.06852816031
2022-11-30,BTC,49767.4062341705
2022-12-01,BTC,49093.39459450951
2022-12-02,BTC,50050.83335150092
2022-12-03,BTC,49903.62646160749
2022-12-04,BTC,49079.72038653074
2022-12-05,BTC,48764.24984164036
2022-12-06,BTC,49166.97569371573
2022-12-07,BTC,48612.643066002456
2022-12-08,BTC,47813.23693377729
2022-12-09,BTC,48046.26642139318
2022-12-10,BTC,48281.66100418967
2022-12-11,BTC,47792.139833356545
2022-12-12,BTC,47341.901261976986
2022-12-13,BTC,47561.61496642165
2022-12-14,BTC,46184.15036863765
2022-12-15,BTC,44884.09999675331
2022-12-16,BTC,44239.165551377635
2022-12-17,BTC,44050.311073756624
2022-12-18,BTC,44324.222573352155
2022-12-19,BTC,45632.10292005317
2022-12-20,BTC,46414.83916397975
2022-12-21,BTC,46266.36874109223
2022-12-22,BTC,46248.772523354564
2022-12-23,BTC,45321.45747269222
2022-12-24,BTC,45304.67662658092
2022-12-25,BTC,45043.12490074601
2022-12-26,BTC,45333.849949167954
2022-12-27,BTC,44583.81867980176
2022-12-28,BTC,45046.907696260074
2022-12-29,BTC,46427.810662989934
2022-12-30,BTC,46326.82075138526
2022-12-31,BTC,46699.02129025342
2023-01-01,BTC,47343.60226949857
2023-01-02,BTC,46963.6978206317
2023-01-03,BTC,47174.18205262409
2023-01-04,BTC,47186.06277676329
2023-01-05,BTC,47278.24178712157
2023-01-06,BTC,46547.310917822986
2023-01-07,BTC,46570.1285718606
2023-01-08,BTC,47033.96546089795
2023-01-09,BTC,48399.02622745465
2023-01-10,BTC,49327.58170487325
2023-01-11,BTC,51451.80737684127
2023-01-12,BTC,50662.17899690518
2023-01-13,BTC,51546.05228170993
2023-01-14,BTC,51735.063413974385
2023-01-15,BTC,54000.85528625686
2023-01-16,BTC,53127.879311544995
2023-01-17,BTC,52235.62649781203
2023-01-18,BTC,51609.43349075304
2023-01-19,BTC,49417.17238825181
2023-01-20,BTC,48897.54585744406
2023-01-21,BTC,48155.15137483995
2023-01-22,BTC,48299.996085911895
2023-01-23,BTC,48630.13233175937
2023-01-24,BTC,50454.9010555205
2023-01-25,BTC,51413.97186985021
2023-01-26,BTC,50820.7537033734
2023-01-27,BTC,49907.59148865155
2023-01-28,BTC,50398.6015097912
2023-01-29,BTC,49067.84336377866
2023-01-30,BTC,50865.15800078188
2023-01-31,BTC,52065.006162640864
2023-02-01,BTC,51576.45349827701
2023-02-02,BTC,49809.305430758046
2023-02-03,BTC,51158.01428273945
2023-02-04,BTC,51040.82166195192
2023-02-05,BTC,52304.40489454577
2023-02-06,BTC,50636.493097732906
2023-02-07,BTC,50029.48811347786
2023-02-08,BTC,50034.73490573229
2023-02-09,BTC,50081.74813682695
2023-02-10,BTC,49630.94682507284
2023-02-11,BTC,50249.199462519624
2023-02-12,BTC,49176.258024393486
2023-02-13,BTC,49036.22421853774
2023-02-14,BTC,49154.20108992045
2023-02-15,BTC,49659.937687876205
2023-02-16,BTC,50366.7126979494
2023-02-17,BTC,49233.82219539702
2023-02-18,BTC,47723.21610920829
2023-02-19,BTC,48942.71305099207
2023-02-20,BTC,49268.0000376149
2023-02-21,BTC,48530.47134339045
2023-02-22,BTC,50036.034073337236
2023-02-23,BTC,50151.7920721952
2023-02-24,BTC,51334.66941552509
2023-02-25,BTC,51403.99019397762
2023-02-26,BTC,53522.60351643549
2023-02-27,BTC,55401.611755361366
2023-02-28,BTC,55125.75145346053
2023-03-01,BTC,56196.92302869477
2023-03-02,BTC,56922.28587996292
2023-03-03,BTC,58480.39861560683
2023-03-04,BTC,57351.81644344133
2023-03-05,BTC,58138.74239153304
2023-03-06,BTC,59369.45176316981
2023-03-07,BTC,57281.14378110623
2023-03-08,BTC,55925.575761221706
2023-03-09,BTC,53644.67108818083
2023-03-10,BTC,53355.62626772711
2023-03-11,BTC,54121.324596358136
2023-03-12,BTC,55747.51566988047
2023-03-13,BTC,55830.12766853063
2023-03-14,BTC,57648.643945174605
2023-03-15,BTC,56057.42439371767
2023-03-16,BTC,54147.679747562914
2023-03-17,BTC,54087.52416735155
2023-03-18,BTC,54502.98715237854
2023-03-19,BTC,54467.34792367209
2023-03-20,BTC,52215.186160173704
2023-03-21,BTC,52122.117771098456
2023-03-22,BTC,50762.283512416056
2023-03-23,BTC,51442.16566809991
2023-03-24,BTC,51819.337822286885
2023-03-25,BTC,50845.25885908616
2023-03-26,BTC,50322.70493046407
2023-03-27,BTC,49256.65514005656
2023-03-28,BTC,49194.907886479064
2023-03-29,BTC,50134.67065598979
2023-03-30,BTC,49146.289642188516
2023-03-31,BTC,49641.72996308403
2023-04-01,BTC,49115.27185304177
2023-04-02,BTC,48336.428559012646
2023-04-03,BTC,48232.95925206087
2023-04-04,BTC,47234.30323699562
2023-04-05,BTC,46711.2784534812
2023-04-06,BTC,45592.19029760146
2023-04-07,BTC,47383.71274044955
2023-04-08,BTC,47417.131100786275
2023-04-09,BTC,46753.5515778453
2023-04-10,BTC,46953.637993708
2023-04-11,BTC,46848.15378207355
2023-04-12,BTC,46641.11342647164
2023-04-13,BTC,47214.02180086138
2023-04-14,BTC,47929.32151159126
2023-04-15,BTC,47420.790310269396
2023-04-16,BTC,46874.6751893406
2023-04-17,BTC,46616.8160100554
2023-04-18,BTC,44470.651301932776
2023-04-19,BTC,43123.020634276036
2023-04-20,BTC,44301.895579065465
2023-04-21,BTC,45759.39933655483
2023-04-22,BTC,45531.48454488975
2023-04-23,BTC,46056.51443394219
2023-04-24,BTC,46343.21637864822
2023-04-25,BTC,49196.921168854395
2023-04-26,BTC,50298.51394206387
2023-04-27,BTC,50169.832646893265
2023-04-28,BTC,49211.04656704802
2023-04-29,BTC,47629.948473574856
2023-04-30,BTC,47823.76772342689
2023-05-01,BTC,47100.336876228546
2023-05-02,BTC,45760.56429931822
2023-05-03,BTC,45168.8134984467
2023-05-04,BTC,44191.768697149186
2023-05-05,BTC,45682.92415507832
2023-05-06,BTC,46488.44179805479
2023-05-07,BTC,46481.0290846183
2023-05-08,BTC,47856.81561588545
2023-05-09,BTC,47930.86763255755
2023-05-10,BTC,47105.22565159999
2023-05-11,BTC,48540.16771870344
2023-05-12,BTC,49063.34339681838
2023-05-13,BTC,48045.52811168342
2023-05-14,BTC,47862.62966551129
2023-05-15,BTC,47024.44182170896
2023-05-16,BTC,45723.93411171282
2023-05-17,BTC,46570.903734894506
2023-05-18,BTC,48349.36890595731
2023-05-19,BTC,46996.97171462748
2023-05-20,BTC,47526.12870048652
2023-05-21,BTC,46907.67825092454
2023-05-22,BTC,46450.67983553469
2023-05-23,BTC,45900.33782530797
2023-05-24,BTC,45107.188461182945
2023-05-25,BTC,45150.961945505966
2023-05-26,BTC,44400.59800381219
2023-05-27,BTC,44640.76689978895
2023-05-28,BTC,44595.91354512085
2023-05-29,BTC,44382.79141632425
2023-05-30,BTC,43577.1872421357
2023-05-31,BTC,43074.505796774254
2023-06-01,BTC,43725.26787148753
2023-06-02,BTC,44163.322635693694
2023-06-03,BTC,43299.880882288635
2023-06-04,BTC,43385.902422145606
2023-06-05,BTC,44037.894590462914
2023-06-06,BTC,42567.55271448721
2023-06-07,BTC,43030.14298712895
2023-06-08,BTC,42459.88708524678
2023-06-09,BTC,42944.438186035935
2023-06-10,BTC,42288.88347267461
2023-06-11,BTC,40762.354495936255
2023-06-12,BTC,39435.50525973278
2023-06-13,BTC,39473.43034307236
2023-06-14,BTC,39678.47310467699
2023-06-15,BTC,38960.83504693064
2023-06-16,BTC,39458.436955903424
2023-06-17,BTC,38147.21726334325
2023-06-18,BTC,38096.802054628904
2023-06-19,BTC,37174.08516568292
2023-06-20,BTC,36689.45694597282
2023-06-21,BTC,36724.237576184016
2023-06-22,BTC,36092.27707937578
2023-06-23,BTC,35814.68737428072
2023-06-24,BTC,36535.488621660756
2023-06-25,BTC,36113.94809496292
2023-06-26,BTC,36717.55092613273
2023-06-27,BTC,35887.94954678288
2023-06-28,BTC,36268.22125891685
2023-06-29,BTC,37313.883852795494
2023-06-30,BTC,35469.350736732486
2023-07-01,BTC,34904.043590398076
2023-07-02,BTC,35306.88660403634
2023-07-03,BTC,35163.50859562649
2023-07-04,BTC,35424.52441779695
2023-07-05,BTC,34996.606657900906
2023-07-06,BTC,35057.213632556515
2023-07-07,BTC,34948.0614305792
2023-07-08,BTC,35764.2958151475
2023-07-09,BTC,35946.27946117478
2023-07-10,BTC,36188.99065393061
2023-07-11,BTC,35890.88242037911
2023-07-12,BTC,35540.870067266485
2023-07-13,BTC,35233.4001802699
2023-07-14,BTC,35511.35798395749
2023-07-15,BTC,35212.36337187551
2023-07-16,BTC,35416.4365230169
2023-07-17,BTC,36886.502535917796
2023-07-18,BTC,37529.157407562474
2023-07-19,BTC,37284.44963841655
2023-07-20,BTC,38180.18163813428
2023-07-21,BTC,37868.573800854036
2023-07-22,BTC,36324.95641333976
2023-07-23,BTC,35592.58258724058
2023-07-24,BTC,34260.856268187476
2023-07-25,BTC,34019.99320912609
2023-07-26,BTC,34032.525071825126
2023-07-27,BTC,35173.59296905216
2023-07-28,BTC,35403.577176556595
2023-07-29,BTC,35248.43832693442
2023-07-30,BTC,35833.143356461645
2023-07-31,BTC,34248.50478629737
2023-08-01,BTC,34409.89371271942
2023-08-02,BTC,34940.40150048913
2023-08-03,BTC,33907.15355887616
2023-08-04,BTC,34682.78243840821
2023-08-05,BTC,34917.58238355444
2023-08-06,BTC,34627.56538462393
2023-08-07,BTC,35065.79929347992
2023-08-08,BTC,36658.27249365806
2023-08-09,BTC,36791.61054836477
2023-08-10,BTC,36974.259251189746
2023-08-11,BTC,36634.56867140053
2023-08-12,BTC,36011.895033137305
2023-08-13,BTC,36609.93435849022
2023-08-14,BTC,35983.11090505245
2023-08-15,BTC,36034.614422070896
2023-08-16,BTC,35690.370383670655
2023-08-17,BTC,36032.269731414555
2023-08-18,BTC,36272.721790951575
2023-08-19,BTC,37025.4097458529
2023-08-20,BTC,36647.73842295887
2023-08-21,BTC,36449.93230224798
2023-08-22,BTC,35736.41487864475
2023-08-23,BTC,35418.865913247435
2023-08-24,BTC,35686.13702469059
2023-08-25,BTC,36226.41701468533
2023-08-26,BTC,35558.282102882506
2023-08-27,BTC,36176.715955391584
2023-08-28,BTC,37157.566470518825
2023-08-29,BTC,37464.81116847417
2023-08-30,BTC,38871.087182859585
2023-08-31,BTC,38269.52663446938
2023-09-01,BTC,37316.87970808751
2023-09-02,BTC,35989.3539168335
2023-09-03,BTC,37066.18728086249
2023-09-04,BTC,37551.284080234174
2023-09-05,BTC,37509.53856487688
2023-09-06,BTC,37719.56844459485
2023-09-07,BTC,36870.50922153059
2023-09-08,BTC,38674.03163989137
2023-09-09,BTC,38773.98172149645
2023-09-10,BTC,38858.815156825185
2023-09-11,BTC,39422.86377852663
2023-09-12,BTC,39802.11900690604
2023-09-13,BTC,39980.3401784681
2023-09-14,BTC,39348.27142584624
2023-09-15,BTC,39719.30072355193
2023-09-16,BTC,41214.3546624436
2023-09-17,BTC,42323.36704148745
2023-09-18,BTC,43671.94748878442
2023-09-19,BTC,43225.431805253495
2023-09-20,BTC,42369.90989180875
2023-09-21,BTC,42263.31828240494
2023-09-22,BTC,42310.42067649127
2023-09-23,BTC,43236.33474543435
2023-09-24,BTC,41772.815399931205
2023-09-25,BTC,43050.687862725885
2023-09-26,BTC,42914.640888294496
2023-09-27,BTC,42548.25193191841
2023-09-28,BTC,41686.986493119075
2023-09-29,BTC,40307.26673855675
2023-09-30,BTC,40970.86186453848
2023-10-01,BTC,41030.93987065578
2023-10-02,BTC,39972.37370840033
2023-10-03,BTC,38937.026255225464
2023-10-04,BTC,38675.53710217821
2023-10-05,BTC,39966.54318069149
2023-10-06,BTC,39759.043801619344
2023-10-07,BTC,38563.77327135698
2023-10-08,BTC,38374.2376752286
2023-10-09,BTC,38164.92649352593
2023-10-10,BTC,36106.39688374119
2023-10-11,BTC,36067.18904375635
2023-10-12,BTC,35900.605856601
2023-10-13,BTC,36400.49046256148
2023-10-14,BTC,37746.54863655654
2023-10-15,BTC,38597.0274701579
2023-10-16,BTC,38389.4613866427
2023-10-17,BTC,37539.88271370354
2023-10-18,BTC,39471.95521758672
2023-10-19,BTC,39518.70456509623
2023-10-20,BTC,39529.71391653441
2023-10-21,BTC,39510.64076070101
2023-10-22,BTC,39667.169877158376
2023-10-23,BTC,39552.64249749191
2023-10-24,BTC,39098.84553204135
2023-10-25,BTC,38671.21446661388
2023-10-26,BTC,38645.882291873764
2023-10-27,BTC,38225.859697079286
2023-10-28,BTC,37680.876839593846
2023-10-29,BTC,37761.084525627215
2023-10-30,BTC,37568.52020044445
2023-10-31,BTC,38698.576019902364
2023-11-01,BTC,36646.8008867711
2023-11-02,BTC,37446.80557215008
2023-11-03,BTC,38380.04377074596
2023-11-04,BTC,36788.50761327272
2023-11-05,BTC,36536.36830999674
2023-11-06,BTC,36264.94630428861
2023-11-07,BTC,35244.07958365661
2023-11-08,BTC,34695.81091887763
2023-11-09,BTC,33925.16432797053
2023-11-10,BTC,35114.08558277437
2023-11-11,BTC,35771.19540627303
2023-11-12,BTC,36680.89632173059
2023-11-13,BTC,37210.327884919774
2023-11-14,BTC,36370.080152798924
2023-11-15,BTC,35988.54327027167
2023-11-16,BTC,36340.78082171409
2023-11-17,BTC,35452.51924493282
2023-11-18,BTC,35958.071056278684
2023-11-19,BTC,35785.23830140671
2023-11-20,BTC,35516.97726303695
2023-11-21,BTC,36022.000243549206
2023-11-22,BTC,36342.06530584021
2023-11-23,BTC,36079.700186412294
2023-11-24,BTC,36916.265620863385
2023-11-25,BTC,36118.089201770345
2023-11-26,BTC,36563.017545653536
2023-11-27,BTC,36996.728979682484
2023-11-28,BTC,36767.68486524397
2023-11-29,BTC,37007.50798896293
2023-11-30,BTC,36081.496075499344
2023-12-01,BTC,36748.30162084272
2023-12-02,BTC,36612.40483123582
2023-12-03,BTC,36229.64189439883
2023-12-04,BTC,36989.746466318655
2023-12-05,BTC,36468.6765755521
2023-12-06,BTC,35441.382185826784
2023-12-07,BTC,34338.00039661742
2023-12-08,BTC,34754.18379561063
2023-12-09,BTC,33864.178254531624
2023-12-10,BTC,35052.671514106296
2023-12-11,BTC,33593.12776110418
2023-12-12,BTC,34732.9132715263
2023-12-13,BTC,34879.49829926882
2023-12-14,BTC,34812.03220284881
2023-12-15,BTC,34432.637386890005
2023-12-16,BTC,34707.503568759945
2023-12-17,BTC,34681.37943738555
2023-12-18,BTC,35446.660061469476
2023-12-19,BTC,35527.63983410436
2023-12-20,BTC,35634.43717105734
2023-12-21,BTC,35375.29484044207
2023-12-22,BTC,35335.00547586196
2023-12-23,BTC,35552.529019647576
2023-12-24,BTC,34336.5127914794
2023-12-25,BTC,33410.67307165102
2023-12-26,BTC,33907.33214467682
2023-12-27,BTC,34023.20396792982
2023-12-28,BTC,33898.00991634127
2023-12-29,BTC,33910.50738925823
2023-12-30,BTC,34146.240829018985
2023-12-31,BTC,33777.62554834623
2024-01-01,BTC,33251.83983680327
2024-01-02,BTC,33382.08413790939
2024-01-03,BTC,32728.881690297687
2024-01-04,BTC,32996.11481312802
2024-01-05,BTC,31872.5419314404
2024-01-06,BTC,32528.578055533195
2024-01-07,BTC,32836.036537443615
2024-01-08,BTC,33004.17657165566
2024-01-09,BTC,33652.834706645895
2024-01-10,BTC,34773.793430398735
2024-01-11,BTC,35479.26333245715
2024-01-12,BTC,34173.006100150145
2024-01-13,BTC,33298.46627035273
2024-01-14,BTC,32882.35626366294
2024-01-15,BTC,32899.514967829455
2024-01-16,BTC,33240.12958167257
2024-01-17,BTC,32757.6532138262
2024-01-18,BTC,32880.01403187837
2024-01-19,BTC,32383.274003573995
2024-01-20,BTC,31987.215032126962
2024-01-21,BTC,31087.31161248273
2024-01-22,BTC,30513.294820225656
2024-01-23,BTC,29688.407802723024
2024-01-24,BTC,29108.965340759805
2024-01-25,BTC,29722.373791540474
2024-01-26,BTC,29158.00601851775
2024-01-27,BTC,30693.106260309087
2024-01-28,BTC,30995.93543534608
2024-01-29,BTC,31110.5188064694
2024-01-30,BTC,30576.439689209263
2024-01-31,BTC,31004.69934503939
2024-02-01,BTC,30647.749790356705
2024-02-02,BTC,30722.536315781083
2024-02-03,BTC,32295.582119749735
2024-02-04,BTC,32233.535912150288
2024-02-05,BTC,32974.4387728644
2024-02-06,BTC,32510.701813327694
2024-02-07,BTC,32487.95180569879
2024-02-08,BTC,33638.54551985933
2024-02-09,BTC,33216.74032160241
2024-02-10,BTC,34420.812983547345
2024-02-11,BTC,34908.04092372848
2024-02-12,BTC,34515.34865910538
2024-02-13,BTC,34951.90413126974
2024-02-14,BTC,35631.7567289856
2024-02-15,BTC,36074.880355093264
2024-02-16,BTC,34941.966977080105
2024-02-17,BTC,34433.81491337051
2024-02-18,BTC,34263.3546956867
2024-02-19,BTC,34212.34791603727
2024-02-20,BTC,34637.04091090088
2024-02-21,BTC,34760.141647685545
2024-02-22,BTC,33831.80646654153
2024-02-23,BTC,34089.062068826104
2024-02-24,BTC,34505.34797621251
2024-02-25,BTC,34891.66326020492
2024-02-26,BTC,35645.868002888354
2024-02-27,BTC,36240.38558380304
2024-02-28,BTC,36573.20284627584
2024-02-29,BTC,36521.87915031523
2024-03-01,BTC,35308.65086056991
2024-03-02,BTC,35612.03565462376
2024-03-03,BTC,35759.95928102935
2024-03-04,BTC,35954.19224422327
2024-03-05,BTC,35036.102969371634
2024-03-06,BTC,34278.5828040625
2024-03-07,BTC,35000.59454982863
2024-03-08,BTC,34972.90547177877
2024-03-09,BTC,35449.58666114206
2024-03-10,BTC,35469.664155716855
2024-03-11,BTC,35490.772961206545
2024-03-12,BTC,36156.78131182796
2024-03-13,BTC,35783.61098412241
2024-03-14,BTC,35852.401953913366
2024-03-15,BTC,35520.92836463307
2024-03-16,BTC,35212.25417724654
2024-03-17,BTC,34994.52122932461
2024-03-18,BTC,35149.990529068324
2024-03-19,BTC,34813.43033872281
2024-03-20,BTC,35687.773906724375
2024-03-21,BTC,35049.24304398609
2024-03-22,BTC,34918.24885050128
2024-03-23,BTC,34611.15608009904
2024-03-24,BTC,35612.78762809541
2024-03-25,BTC,35752.78489835929
2024-03-26,BTC,36490.61121572266
2024-03-27,BTC,35406.43109552314
2024-03-28,BTC,35595.53703227396
2024-03-29,BTC,36228.87475088728
2024-03-30,BTC,36288.49587771653
2024-03-31,BTC,37061.78948168347
2024-04-01,BTC,36678.35676890494
2024-04-02,BTC,37712.207733354335
2024-04-03,BTC,39446.13820526929
2024-04-04,BTC,39159.88660524322
2024-04-05,BTC,38810.97004083514
2024-04-06,BTC,39939.11526881974
2024-04-07,BTC,41200.849548894854
2024-04-08,BTC,40770.004002617396
2024-04-09,BTC,40427.38363832049
2024-04-10,BTC,40199.54734860493
2024-04-11,BTC,39118.62130908136
2024-04-12,BTC,38399.89335689404
2024-04-13,BTC,37628.71538972226
2024-04-14,BTC,37050.89066863776
2024-04-15,BTC,37025.18854922933
2024-04-16,BTC,37198.62544189277
2024-04-17,BTC,38352.15518348599
2024-04-18,BTC,37586.3746015165
2024-04-19,BTC,38326.316809472584
2024-04-20,BTC,38162.28872472299
2024-04-21,BTC,38124.53575733995
2024-04-22,BTC,38639.07935451706
2024-04-23,BTC,37771.46044883287
2024-04-24,BTC,38060.343940897656
2024-04-25,BTC,38187.04850678387
2024-04-26,BTC,38563.15371290199
2024-04-27,BTC,38786.178810181365
2024-04-28,BTC,40690.813015366315
2024-04-29,BTC,40171.80984633446
2024-04-30,BTC,39745.187672228145
2024-05-01,BTC,39249.85092884968
2024-05-02,BTC,38813.80304642114
2024-05-03,BTC,38319.014677949155
2024-05-04,BTC,39230.25351610585
2024-05-05,BTC,40344.78835149279
2024-05-06,BTC,39884.25558301836
2024-05-07,BTC,39220.29793474559
2024-05-08,BTC,39590.079106196565
2024-05-09,BTC,39152.828026049596
2024-05-10,BTC,39648.44943830553
2024-05-11,BTC,39809.361100947346
2024-05-12,BTC,38602.54500473614
2024-05-13,BTC,39797.29778832427
2024-05-14,BTC,41226.71935927598
2024-05-15,BTC,40721.45401189322
2024-05-16,BTC,40405.69858702777
2024-05-17,BTC,40636.71040330964
2024-05-18,BTC,40908.534877652106
2024-05-19,BTC,41447.3365045944
2024-05-20,BTC,43113.68898382063
2024-05-21,BTC,42961.11202916608
2024-05-22,BTC,42275.197282062254
2024-05-23,BTC,41108.977432477135
2024-05-24,BTC,40508.0217021433
2024-05-25,BTC,40481.183539421334
2024-05-26,BTC,41934.10006432484
2024-05-27,BTC,41499.98878416068
2024-05-28,BTC,41685.73273382158
2024-05-29,BTC,41672.04072469349
2024-05-30,BTC,42662.4961824551
2024-05-31,BTC,44818.6010818982
2024-06-01,BTC,44342.74516669115
2024-06-02,BTC,43908.68339720889
2024-06-03,BTC,44825.63798454845
2024-06-04,BTC,45436.96240572311
2024-06-05,BTC,47115.13783239994
2024-06-06,BTC,47665.37497111706
2024-06-07,BTC,47322.85912648662
2024-06-08,BTC,47881.88863339124
2024-06-09,BTC,48943.62506084949
2024-06-10,BTC,49746.77250576213
2024-06-11,BTC,50251.47742223364
2024-06-12,BTC,51323.51700384879
2024-06-13,BTC,52523.76424622407
2024-06-14,BTC,53975.68810614515
2024-06-15,BTC,54675.97935742336
2024-06-16,BTC,54493.23246323023
2024-06-17,BTC,54653.1305236372
2024-06-18,BTC,55971.920364127596
2024-06-19,BTC,55057.41119774534
2024-06-20,BTC,55463.37515703032
2024-06-21,BTC,55027.05719479166
2024-06-22,BTC,55058.69205510542
2024-06-23,BTC,56466.48980331684
2024-06-24,BTC,56682.303674832234
2024-06-25,BTC,56734.94628531619
2024-06-26,BTC,55191.91898303113
2024-06-27,BTC,56015.66231017058
2024-06-28,BTC,56738.806788517686
2024-06-29,BTC,59193.616624117225
2024-06-30,BTC,58829.24648721612
2024-07-01,BTC,59087.095460094046
2024-07-02,BTC,59381.802610606195
2024-07-03,BTC,61255.24299633355
2024-07-04,BTC,61138.495976476996
2024-07-05,BTC,61479.6751050902
2024-07-06,BTC,62227.14070338803
2024-07-07,BTC,62459.38374665176
2024-07-08,BTC,61901.70437767943
2024-07-09,BTC,62141.99440494057
2024-07-10,BTC,63476.346768795614
2024-07-11,BTC,62173.1579466178
2024-07-12,BTC,62338.500837674685
2024-07-13,BTC,61465.6111975035
2024-07-14,BTC,62934.696626631136
2024-07-15,BTC,61017.47051146665
2024-07-16,BTC,60335.39056478448
2024-07-17,BTC,60790.57508093833
2024-07-18,BTC,62693.957201742
2024-07-19,BTC,62611.51432066773
2024-07-20,BTC,61916.276658340146
2024-07-21,BTC,64245.76148932566
2024-07-22,BTC,62385.18637573826
2024-07-23,BTC,59641.72798758172
2024-07-24,BTC,60166.59243039544
2024-07-25,BTC,59562.454592503804
2024-07-26,BTC,58345.91192652935
2024-07-27,BTC,59172.50598426369
2024-07-28,BTC,59461.03196815558
2024-07-29,BTC,58790.21801825977
2024-07-30,BTC,57284.830523707795
2024-07-31,BTC,58284.40192750169
2024-08-01,BTC,59042.33366329925
2024-08-02,BTC,58925.222174487084
2024-08-03,BTC,61101.49207984181
2024-08-04,BTC,59793.81656235307
2024-08-05,BTC,57969.47711772255
2024-08-06,BTC,57167.28613723158
2024-08-07,BTC,57115.165560414556
2024-08-08,BTC,57393.13301912347
2024-08-09,BTC,57116.227155972316
2024-08-10,BTC,57518.38867594824
2024-08-11,BTC,56078.65805507107
2024-08-12,BTC,57697.94568594786
2024-08-13,BTC,57603.14660136924
2024-08-14,BTC,58890.341713050635
2024-08-15,BTC,59294.005968288766
2024-08-16,BTC,59835.660530339555
2024-08-17,BTC,60517.50856156494
2024-08-18,BTC,61059.39269384361
2024-08-19,BTC,61844.27792160408
2024-08-20,BTC,63488.28749107834
2024-08-21,BTC,63737.82334148014
2024-08-22,BTC,64641.63046647258
2024-08-23,BTC,64525.617234677244
2024-08-24,BTC,66384.10627902049
2024-08-25,BTC,65486.07230969621
2024-08-26,BTC,67844.80261799727
2024-08-27,BTC,67790.3124532971
2024-08-28,BTC,65850.45862883748
2024-08-29,BTC,66019.17331832257
2024-08-30,BTC,65119.92397005128
2024-08-31,BTC,66214.77684997248
2024-09-01,BTC,65350.509826843496
2024-09-02,BTC,64767.34353010595
2024-09-03,BTC,62319.73285740041
2024-09-04,BTC,61755.98067769409
2024-09-05,BTC,58762.19978048689
2024-09-06,BTC,56900.727497555985
2024-09-07,BTC,57766.09044024427
2024-09-08,BTC,58673.94250089591
2024-09-09,BTC,59173.20795123076
2024-09-10,BTC,58028.82634320548
2024-09-11,BTC,57973.45366320225
2024-09-12,BTC,57969.27663054151
2024-09-13,BTC,56626.28536840444
2024-09-14,BTC,58328.92259356927
2024-09-15,BTC,59352.43453623936
2024-09-16,BTC,59090.13930299777
2024-09-17,BTC,59121.91306242706
2024-09-18,BTC,59368.31286753065
2024-09-19,BTC,56944.025778307456
2024-09-20,BTC,56662.52027346611
2024-09-21,BTC,55889.66134789892
2024-09-22,BTC,54770.057284852795
2024-09-23,BTC,54462.13970196974
2024-09-24,BTC,56420.25679728229
2024-09-25,BTC,57143.387173270086
2024-09-26,BTC,56490.60513010217
2024-09-27,BTC,57137.5160862199
2024-09-28,BTC,58736.629961585335
2024-09-29,BTC,59822.827291250636
2024-09-30,BTC,59894.172437671594
2024-10-01,BTC,59119.21757926821
2024-10-02,BTC,59944.785899197
2024-10-03,BTC,60416.5338428684
2024-10-04,BTC,61498.223272342635
2024-10-05,BTC,62279.462017865306
2024-10-06,BTC,63586.773587254866
2024-10-07,BTC,62906.0959829863
2024-10-08,BTC,64563.538333790486
2024-10-09,BTC,64818.69292683648
2024-10-10,BTC,67509.00687175199
2024-10-11,BTC,66578.47916880526
2024-10-12,BTC,68890.03576694202
2024-10-13,BTC,69162.71738597013
2024-10-14,BTC,68261.64060028775
2024-10-15,BTC,67601.02378237202
2024-10-16,BTC,67167.90766237477
2024-10-17,BTC,67737.71444480371
2024-10-18,BTC,68446.02806460689
2024-10-19,BTC,67660.67833320198
2024-10-20,BTC,67627.72136854385
2024-10-21,BTC,70525.25862670972
2024-10-22,BTC,72961.9672039129
2024-10-23,BTC,73598.66786945384
2024-10-24,BTC,73654.60797680555
2024-10-25,BTC,73831.42518309294
2024-10-26,BTC,74737.36330913552
2024-10-27,BTC,73208.5469184332
2024-10-28,BTC,72831.70367211998
2024-10-29,BTC,70401.18725570657
2024-10-30,BTC,70963.3028919334
2024-10-31,BTC,71881.84612192451
2024-11-01,BTC,71187.1994233005
2024-11-02,BTC,73428.15361545976
2024-11-03,BTC,71628.03942746992
2024-11-04,BTC,69530.23339434461
2024-11-05,BTC,69842.35714094981
2024-11-06,BTC,71304.99341320423
2024-11-07,BTC,73706.44247215852
2024-11-08,BTC,73029.98794170795
2024-11-09,BTC,74605.50890687674
2024-11-10,BTC,74548.05002759023
2024-11-11,BTC,74290.6694557479
2024-11-12,BTC,75603.62322229009
2024-11-13,BTC,76589.98268466705
2024-11-14,BTC,74175.26572451367
2024-11-15,BTC,76365.72118039135
2024-11-16,BTC,78473.55461147722
2024-11-17,BTC,77491.752035081
2024-11-18,BTC,78105.1822204358
2024-11-19,BTC,78876.90857487598
2024-11-20,BTC,79288.1313907712
2024-11-21,BTC,78415.47804390892
2024-11-22,BTC,77362.16469466247
2024-11-23,BTC,77322.62632968929
2024-11-24,BTC,79136.19608453278
2024-11-25,BTC,79996.56505304413
2024-11-26,BTC,79403.6075825178
2024-11-27,BTC,80629.12081436293
2024-11-28,BTC,76035.61107229005
2024-11-29,BTC,77782.55311242364
2024-11-30,BTC,75076.16552445918
2024-12-01,BTC,74531.95200226674
2024-12-02,BTC,72862.92834537356
2024-12-03,BTC,70976.24267346285
2024-12-04,BTC,72624.06514871954
2024-12-05,BTC,71944.73789843536
2024-12-06,BTC,72443.3205174735
2024-12-07,BTC,72375.3388667813
2024-12-08,BTC,73065.85869725255
2024-12-09,BTC,73178.11984599383
2024-12-10,BTC,71300.38067113084
2024-12-11,BTC,72721.06474066281
2024-12-12,BTC,72002.93465165877
2024-12-13,BTC,69761.3653570757
2024-12-14,BTC,69164.04739389477
2024-12-15,BTC,71240.01981962043
2024-12-16,BTC,72451.41609480517
2024-12-17,BTC,71946.20927755865
2024-12-18,BTC,71443.65391982478
2024-12-19,BTC,70984.07825407157
2024-12-20,BTC,73932.39908165294
2024-12-21,BTC,74497.14716720923
2024-12-22,BTC,75137.88468478568
2024-12-23,BTC,76686.15107201942
2024-12-24,BTC,77052.38750248877
2024-12-25,BTC,76653.19118650371
2024-12-26,BTC,76352.17433607667
2024-12-27,BTC,76242.83609924738
2024-12-28,BTC,76186.07752169803
2024-12-29,BTC,77294.78233807012
2024-12-30,BTC,77375.0852568068
2024-12-31,BTC,78508.84702554897
2025-01-01,BTC,78382.10771274556
2025-01-02,BTC,78505.37955189293
2025-01-03,BTC,75367.98948869202
2025-01-04,BTC,76749.2249797955
2025-01-05,BTC,77281.07941958752
2025-01-06,BTC,78823.62539081981
2025-01-07,BTC,74257.75841148208
2025-01-08,BTC,77359.31889748723
2025-01-09,BTC,77143.34772630248
2025-01-10,BTC,78853.12637382039
2025-01-11,BTC,77213.12970405011
2025-01-12,BTC,78159.41352426718
2025-01-13,BTC,76512.72667196741
2025-01-14,BTC,75558.2013920439
2025-01-15,BTC,78450.61672216696
2025-01-16,BTC,78151.433683408
2025-01-17,BTC,78491.28749878597
2025-01-18,BTC,79857.14222664411
2025-01-19,BTC,80648.81700718412
2025-01-20,BTC,80891.43914229103
2025-01-21,BTC,81481.88355669715
2025-01-22,BTC,85398.58013379188
2025-01-23,BTC,85300.16886467817
2025-01-24,BTC,85643.24451754443
2025-01-25,BTC,87442.87354435869
2025-01-26,BTC,89376.28083147177
2025-01-27,BTC,91498.12791037641
2025-01-28,BTC,92666.9803014854
2025-01-29,BTC,90548.60402683546
2025-01-30,BTC,93506.70292730104
2025-01-31,BTC,91362.88336495947
2025-02-01,BTC,91915.87633921416
2025-02-02,BTC,90529.27782409346
2025-02-03,BTC,90413.14986013556
2025-02-04,BTC,91007.63876155853
2025-02-05,BTC,91592.5579891009
2025-02-06,BTC,92365.4540120829
2025-02-07,BTC,95346.47749230324
2025-02-08,BTC,96211.33545372904
2025-02-09,BTC,95741.522734905
2025-02-10,BTC,97587.58620572719
2025-02-11,BTC,99909.13728326921
2025-02-12,BTC,97456.15252861849
2025-02-13,BTC,98620.5587751764
2025-02-14,BTC,100003.55972806887
2025-02-15,BTC,99408.41153644578
2025-02-16,BTC,102143.54811746925
2025-02-17,BTC,101837.00391598222
2025-02-18,BTC,102092.77051166096
2025-02-19,BTC,101739.382870888
2025-02-20,BTC,101771.0829246211
2025-02-21,BTC,99539.70086908895
2025-02-22,BTC,96672.85618729488
2025-02-23,BTC,99755.7633606361
2025-02-24,BTC,98065.97784386713
2025-02-25,BTC,96121.54064033991
2025-02-26,BTC,91981.79713395459
2025-02-27,BTC,90806.34013690794
2025-02-28,BTC,88403.44130067129
2025-03-01,BTC,91306.63711714985
2025-03-02,BTC,93150.69716777594
2025-03-03,BTC,91868.66347958492
2025-03-04,BTC,96007.22881979581
2025-03-05,BTC,97892.36049493542
2025-03-06,BTC,97256.39027704553
2025-03-07,BTC,92394.72672371709
2025-03-08,BTC,96628.1469824021
2025-03-09,BTC,93942.71073117947
2025-03-10,BTC,90851.24636072313
2025-03-11,BTC,92709.28232551711
2025-03-12,BTC,97233.03621839045
2025-03-13,BTC,99924.9772003578
2025-03-14,BTC,101051.94931964393
2025-03-15,BTC,102253.9710314759
2025-03-16,BTC,103999.27362798256
2025-03-17,BTC,105577.83406944922
2025-03-18,BTC,106171.58569948103
2025-03-19,BTC,106392.84962824517
2025-03-20,BTC,106259.66040335766
2025-03-21,BTC,104657.33997997506
2025-03-22,BTC,104069.84584110402
2025-03-23,BTC,100546.13074772482
2025-03-24,BTC,100348.37736825706
2025-03-25,BTC,98364.3070985914
2025-03-26,BTC,96193.23112840466
2025-03-27,BTC,96539.32312161576
2025-03-28,BTC,99226.98229176474
2025-03-29,BTC,101049.41800380524
2025-03-30,BTC,97875.45456439031
2025-03-31,BTC,95938.24849005966
2025-04-01,BTC,97743.36729016971
2025-04-02,BTC,95822.73476687817
2025-04-03,BTC,95392.2355118379
2025-04-04,BTC,96441.64949931653
2025-04-05,BTC,94573.87476910521
2025-04-06,BTC,94773.19016754479
2025-04-07,BTC,92244.59312918007
2025-04-08,BTC,91135.1348564334
2025-04-09,BTC,91718.00225028803
2025-04-10,BTC,88795.87819355298
2025-04-11,BTC,89578.12501713836
2025-04-12,BTC,89542.94267299205
2025-04-13,BTC,90532.37419930763
2025-04-14,BTC,90937.80376278075
2025-04-15,BTC,93418.84245729749
2025-04-16,BTC,93652.80901899065
2025-04-17,BTC,92848.50831629665
2025-04-18,BTC,93075.61113084375
2025-04-19,BTC,94086.96705241865
2025-04-20,BTC,94178.90896895692
2025-04-21,BTC,94255.36659277265
2025-04-22,BTC,92932.03691518655
2025-04-23,BTC,91699.94226436743
2025-04-24,BTC,89127.56581549284
2025-04-25,BTC,92246.27614204584
2025-04-26,BTC,89951.44111214898
2025-04-27,BTC,88704.88469023217
2025-04-28,BTC,87430.36001717336
2025-04-29,BTC,88995.2312264613
2025-04-30,BTC,88470.2489300659
2025-05-01,BTC,90678.00996546513
2025-05-02,BTC,89456.59417472848
2025-05-03,BTC,89955.75152567193
2025-05-04,BTC,88452.8660864572
2025-05-05,BTC,92247.75785714561
2025-05-06,BTC,90056.69202934235
2025-05-07,BTC,90614.72059504689
2025-05-08,BTC,91763.31089475215
2025-05-09,BTC,92522.74239930035
2025-05-10,BTC,92179.87595265811
2025-05-11,BTC,91940.53883270783
2025-05-12,BTC,92021.09983952409
2025-05-13,BTC,91750.55412215479
2025-05-14,BTC,93519.28298360891
2025-05-15,BTC,97653.81350616086
2025-05-16,BTC,96564.98953007342
2025-05-17,BTC,93919.48932244709
2025-05-18,BTC,93753.6612244973
2025-05-19,BTC,98590.8051304996
2025-05-20,BTC,97006.10667611875
2025-05-21,BTC,100186.19346978927
2025-05-22,BTC,103547.84263665898
2025-05-23,BTC,102401.38527390131
2025-05-24,BTC,103566.67838402094
2025-05-25,BTC,106939.63097100452
2025-05-26,BTC,106128.75535676307
2025-05-27,BTC,105696.64075210816
2025-05-28,BTC,104467.0063802284
2025-05-29,BTC,102346.83442303498
2025-05-30,BTC,101017.80439504568
2025-05-31,BTC,98545.00922586548
2025-06-01,BTC,98612.18433974657
2025-06-02,BTC,97093.60949579008
2025-06-03,BTC,97547.59185629064
2025-06-04,BTC,94512.11438695363
2025-06-05,BTC,95137.55819406232
2025-06-06,BTC,96723.55639589242
2025-06-07,BTC,92866.73235863721
2025-06-08,BTC,93561.48058581768
2025-06-09,BTC,95858.7311579197
2025-06-10,BTC,93539.63809375346
2025-06-11,BTC,96668.67440876154
2025-06-12,BTC,97478.79465251131
2025-06-13,BTC,96104.32053421011
2025-06-14,BTC,95997.12754790785
2025-06-15,BTC,97069.0831446034
2025-06-16,BTC,97216.63861777239
2025-06-17,BTC,98264.15955018875
2025-06-18,BTC,96454.77521330882
2025-06-19,BTC,96781.48841755564
2025-06-20,BTC,94045.06055339683
2025-06-21,BTC,93835.85531990374
2025-06-22,BTC,92139.47638656283
2025-06-23,BTC,90784.04951102563
2025-06-24,BTC,93028.40039139654
2025-06-25,BTC,95058.85708839308
2025-06-26,BTC,96216.93656004124
2025-06-27,BTC,94114.95680039674
2025-06-28,BTC,93519.38144891062
2025-06-29,BTC,95788.3443796936
2025-06-30,BTC,96059.84095025693
2025-07-01,BTC,100515.72948469441
2025-07-02,BTC,101306.42207561579
2025-07-03,BTC,101695.53825270355
2025-07-04,BTC,101066.82294850664
2025-07-05,BTC,101336.75404810693
2025-07-06,BTC,101027.73808192593
2025-07-07,BTC,102458.5104403666
2025-07-08,BTC,104418.95632663903
2025-07-09,BTC,102777.51234363946
2025-07-10,BTC,100041.09611730858
2025-07-11,BTC,96367.17615287368
2025-07-12,BTC,97346.24994656796
2025-07-13,BTC,95198.077918022
2025-07-14,BTC,91099.05698968466
2025-07-15,BTC,91807.03987846743
2025-07-16,BTC,96384.53800074648
2025-07-17,BTC,96372.83516066616
2025-07-18,BTC,97988.9898244655
2025-07-19,BTC,98149.35734810671
2025-07-20,BTC,97955.23822992496
2025-07-21,BTC,99755.80534677673
2025-07-22,BTC,99176.67392823259
2025-07-23,BTC,99707.05553510507
2025-07-24,BTC,100348.5663556632
2025-07-25,BTC,99007.72797128352
2025-07-26,BTC,100972.12515286163
2025-07-27,BTC,100618.80398386637
2025-07-28,BTC,99097.96050257105
2025-07-29,BTC,100161.30112831865
2025-07-30,BTC,98361.46668675216
2025-07-31,BTC,98416.90548618732
2025-08-01,BTC,98398.95621757008
2025-08-02,BTC,100535.97602235238
2025-08-03,BTC,101490.46102552582
2025-08-04,BTC,101439.66107390358
2025-08-05,BTC,103098.73979847433
2025-08-06,BTC,105965.31272571454
2025-08-07,BTC,107147.48359679857
2025-08-08,BTC,107169.66874009561
2025-08-09,BTC,104357.88765085117
2025-08-10,BTC,102134.82741111905
2025-08-11,BTC,101511.34596110159
2025-08-12,BTC,100273.89788068351
2025-08-13,BTC,99898.93105383989
2025-08-14,BTC,100012.11639266992
2025-08-15,BTC,101071.6302606915
2025-08-16,BTC,100929.12173209511
2025-08-17,BTC,101911.16540474708
2025-08-18,BTC,102042.57865978885
2025-08-19,BTC,98010.94461004989
2025-08-20,BTC,96169.6416249733
2025-08-21,BTC,95892.50465304598
2025-08-22,BTC,93572.49147791286
2025-08-23,BTC,94695.22799741135
2025-08-24,BTC,97594.32397893161
2025-08-25,BTC,99973.20875908581
2025-08-26,BTC,99546.43738521292
2025-08-27,BTC,102514.3669060216
2025-08-28,BTC,102819.17791111366
2025-08-29,BTC,102125.99986239913
2025-08-30,BTC,100873.11265575158
2025-08-31,BTC,100262.89148055024
2025-09-01,BTC,99484.49687589695
2025-09-02,BTC,99823.57231874728
2025-09-03,BTC,100144.15368694408
2025-09-04,BTC,100150.25450915162
2025-09-05,BTC,101025.44388724881
2025-09-06,BTC,103431.1552557086
2025-09-07,BTC,105395.42487983922
2025-09-08,BTC,102265.39583407946
2025-09-09,BTC,97041.84071828407
2025-09-10,BTC,98855.20319841214
2025-09-11,BTC,96152.7417688234
2025-09-12,BTC,95720.50557588834
2025-09-13,BTC,93480.42936718164
2025-09-14,BTC,90111.4312668568
2025-09-15,BTC,91087.27089518061
2025-09-16,BTC,92470.25832993984
2025-09-17,BTC,91404.0570162379
2025-09-18,BTC,86667.42146818397
2025-09-19,BTC,85720.5895117569
2025-09-20,BTC,86392.30291808039
2025-09-21,BTC,83836.97139330863
2025-09-22,BTC,84144.41820029273
2025-09-23,BTC,84118.65343326482
2025-09-24,BTC,85093.23785110042
2025-09-25,BTC,85296.74746573617
2025-09-26,BTC,83636.75515139366
2025-09-27,BTC,85638.30230551063
2025-09-28,BTC,85366.77823552568
2025-09-29,BTC,85320.16022414232
2025-09-30,BTC,83727.62878813865
2025-10-01,BTC,82985.32935261598
2025-10-02,BTC,81516.81645990377
2025-10-03,BTC,81234.85621541894
2025-10-04,BTC,84015.86406076048
2025-10-05,BTC,81710.63486217402
2025-10-06,BTC,79073.73233798191
2025-10-07,BTC,81400.35091197814
2025-10-08,BTC,81059.57049649119
2025-10-09,BTC,79974.87551995751
2025-10-10,BTC,81638.20047849994
2025-10-11,BTC,80649.37322158128
2025-10-12,BTC,83594.70399946287
2025-10-13,BTC,84728.12425042655
2025-10-14,BTC,83901.32788217516
2025-10-15,BTC,87521.34835705714
2025-10-16,BTC,86461.08862143228
2025-10-17,BTC,87744.33609592932
2025-10-18,BTC,88269.56067125344
2025-10-19,BTC,90567.64330571069
2025-10-20,BTC,93396.09108737131
2025-10-21,BTC,93455.87233579771
2025-10-22,BTC,92047.64584966608
2025-10-23,BTC,92894.4329079455
2025-10-24,BTC,91635.3132090231
2025-10-25,BTC,95325.2606297862
2025-10-26,BTC,95585.5659501989
2025-10-27,BTC,94887.17660547944
2025-10-28,BTC,95237.65246144259
2025-10-29,BTC,92671.70955376455
2025-10-30,BTC,90870.88687426016
2025-10-31,BTC,93052.5404028823
2025-11-01,BTC,91830.02677419414
2025-11-02,BTC,89907.26950279652
2025-11-03,BTC,90872.2491758143
2025-11-04,BTC,93027.20124364097
2025-11-05,BTC,94364.8455299614
2025-11-06,BTC,96244.68325019222
2025-11-07,BTC,94787.93317849883
2025-11-08,BTC,92092.52328906677
2025-11-09,BTC,94857.75537521417
2025-11-10,BTC,94245.58167086614
2025-11-11,BTC,93772.78360010487
2025-11-12,BTC,96263.75283695565
2025-11-13,BTC,97334.64859986451
2025-11-14,BTC,98222.12212179528
2025-11-15,BTC,102475.14461609222
2025-11-16,BTC,101156.2521416663
2025-11-17,BTC,103033.38874053312
2025-11-18,BTC,103150.8738497498
2025-11-19,BTC,103704.9844152306
2025-11-20,BTC,106875.18030203627
2025-11-21,BTC,107960.68106238176
2025-11-22,BTC,109122.97728852993
2025-11-23,BTC,111463.68116475071
2025-11-24,BTC,110650.10167103124
2025-11-25,BTC,108792.92897074377
2025-11-26,BTC,106519.57192208157
2025-11-27,BTC,102330.46267915165
2025-11-28,BTC,106538.71521857093
2025-11-29,BTC,104188.02718052358
2025-11-30,BTC,103726.9876095647
2025-12-01,BTC,103152.72741500988
2025-12-02,BTC,103786.92420110288
2025-12-03,BTC,105480.18132601958
2025-12-04,BTC,107295.43931758795
2025-12-05,BTC,106044.20831903939
2025-12-06,BTC,105689.76252241137
2025-12-07,BTC,106287.07867962544
2025-12-08,BTC,105758.42561371354
2025-12-09,BTC,109158.23236445438
2025-12-10,BTC,110230.1115215755
2025-12-11,BTC,111850.22472779549
2025-12-12,BTC,113333.09310516142
2025-12-13,BTC,115992.96154409858
2025-12-14,BTC,116412.90607804603
2025-12-15,BTC,113393.54656291816
2025-12-16,BTC,114299.98725027216
2025-12-17,BTC,112810.9855571565
2025-12-18,BTC,111618.31018015362
2025-12-19,BTC,112927.28939863137
2025-12-20,BTC,115724.0084139356
2025-12-21,BTC,115773.24105643923
2025-12-22,BTC,116488.33303271535
2025-12-23,BTC,120454.09665999404
2025-12-24,BTC,121034.09079506039
2025-12-25,BTC,127331.9378002941
2025-12-26,BTC,128772.08658075453
2025-12-27,BTC,124237.3446913509
2025-12-28,BTC,126109.20794438099
2025-12-29,BTC,127070.55958475951
2025-12-30,BTC,130348.35166850509
2025-12-31,BTC,132103.31325874542
2026-01-01,BTC,131737.5033742503
2026-01-02,BTC,128511.7835135651
2026-01-03,BTC,127974.54448177226
2026-01-04,BTC,125797.64512777494
2026-01-05,BTC,124337.07546923723
2026-01-06,BTC,125800.71781903741
2026-01-07,BTC,130002.22152577042
2026-01-08,BTC,131028.38503876964
2026-01-09,BTC,127894.49251249585
2026-01-10,BTC,129031.73716493018
2026-01-11,BTC,132119.805954293
2026-01-12,BTC,130508.51797443455
2026-01-13,BTC,130158.71033832224
2026-01-14,BTC,130196.94626798524
2026-01-15,BTC,128153.11899810123
2026-01-16,BTC,129814.70218975189
2026-01-17,BTC,129500.68523191346
2026-01-18,BTC,130587.28001117303
2026-01-19,BTC,128269.37622056565
2026-01-20,BTC,127147.12615446579
2026-01-21,BTC,128984.10042717303
2026-01-22,BTC,128022.30945253336
2026-01-23,BTC,132444.1074640522
2026-01-24,BTC,131385.5183057709
2026-01-25,BTC,131975.92468873694
2026-01-26,BTC,134437.51543659074
2026-01-27,BTC,130623.88413427242
2026-01-28,BTC,126023.81040949677
2026-01-29,BTC,122178.42996674811
2026-01-30,BTC,125263.64083590225
2026-01-31,BTC,123881.08562431348
2026-02-01,BTC,130219.33571935199
2026-02-02,BTC,128749.81676978391
2026-02-03,BTC,129225.03569920876
2026-02-04,BTC,133210.61997266253
2026-02-05,BTC,138555.27751975108
2026-02-06,BTC,144267.9215231274
2026-02-07,BTC,147754.49121365556
2026-02-08,BTC,150780.68796310044
2026-02-09,BTC,152567.52038384505
2026-02-10,BTC,154942.57277092594
2026-02-11,BTC,153234.53011167535
2022-01-01,ETH,3700.0
2022-01-02,ETH,3624.3166032834365
2022-01-03,ETH,3624.010850732897
2022-01-04,ETH,3608.5920777664414
2022-01-05,ETH,3567.7041990608427
2022-01-06,ETH,3629.8168095724573
2022-01-07,ETH,3716.5063821809913
2022-01-08,ETH,3724.7205011093015
2022-01-09,ETH,3862.305165707107
2022-01-10,ETH,3752.0663716283716
2022-01-11,ETH,3733.900793010592
2022-01-12,ETH,3666.9872072269295
2022-01-13,ETH,3495.873059811241
2022-01-14,ETH,3488.6470302561356
2022-01-15,ETH,3478.028678167075
2022-01-16,ETH,3609.6242184160938
2022-01-17,ETH,3666.549046761813
2022-01-18,ETH,3572.6682661505565
2022-01-19,ETH,3738.269708006751
2022-01-20,ETH,3852.3835399177
2022-01-21,ETH,3908.44513020436
2022-01-22,ETH,3886.315113373901
2022-01-23,ETH,3793.0980332228414
2022-01-24,ETH,3757.8026134661586
2022-01-25,ETH,3860.0851736794602
2022-01-26,ETH,4041.9517651308984
2022-01-27,ETH,4197.894662709064
2022-01-28,ETH,4146.5912032444385
2022-01-29,ETH,4030.5263082475553
2022-01-30,ETH,4044.722451363702
2022-01-31,ETH,3865.9012912195158
2022-02-01,ETH,3897.134653308201
2022-02-02,ETH,3882.7539744586397
2022-02-03,ETH,3837.516347461847
2022-02-04,ETH,3684.52387021225
2022-02-05,ETH,3731.833166522242
2022-02-06,ETH,3682.134399990128
2022-02-07,ETH,3574.439624342717
2022-02-08,ETH,3317.771427676311
2022-02-09,ETH,3315.4892235310053
2022-02-10,ETH,3462.3862502846096
2022-02-11,ETH,3606.1842768498386
2022-02-12,ETH,3564.9749435121303
2022-02-13,ETH,3511.303170865366
2022-02-14,ETH,3552.453384159773
2022-02-15,ETH,3463.7854408562657
2022-02-16,ETH,3489.9190005753417
2022-02-17,ETH,3556.7579535628606
2022-02-18,ETH,3665.8555661263863
2022-02-19,ETH,3656.676806658029
2022-02-20,ETH,3638.0575796980993
2022-02-21,ETH,3558.203799583283
2022-02-22,ETH,3484.648579144648
2022-02-23,ETH,3464.918595422875
2022-02-24,ETH,3496.7408848199834
2022-02-25,ETH,3576.605102677303
2022-02-26,ETH,3504.7887543431452
2022-02-27,ETH,3635.577707098793
2022-02-28,ETH,3610.935434103325
2022-03-01,ETH,3609.006536095983
2022-03-02,ETH,3541.5892402486893
2022-03-03,ETH,3326.947659709681
2022-03-04,ETH,3400.476978772194
2022-03-05,ETH,3463.1174964974844
2022-03-06,ETH,3438.7607368649096
2022-03-07,ETH,3444.519863068092
2022-03-08,ETH,3488.9489351560314
2022-03-09,ETH,3352.657867568112
2022-03-10,ETH,3308.3145520415364
2022-03-11,ETH,3374.0064869856737
2022-03-12,ETH,3268.2069707274095
2022-03-13,ETH,3292.192172732892
2022-03-14,ETH,3180.538972761566
2022-03-15,ETH,3217.626441191424
2022-03-16,ETH,3214.759416795333
2022-03-17,ETH,3084.9529114316333
2022-03-18,ETH,3174.782062996425
2022-03-19,ETH,3116.477858955257
2022-03-20,ETH,3053.349514452261
2022-03-21,ETH,3068.6597109767404
2022-03-22,ETH,3156.7791398946156
2022-03-23,ETH,3076.6110116945956
2022-03-24,ETH,3081.355134325644
2022-03-25,ETH,3114.388532450073
2022-03-26,ETH,3168.353536326002
2022-03-27,ETH,3182.329266966439
2022-03-28,ETH,3153.129181113781
2022-03-29,ETH,3087.8917092454844
2022-03-30,ETH,3094.5417838020126
2022-03-31,ETH,3011.5973095361705
2022-04-01,ETH,2791.6490281285564
2022-04-02,ETH,2822.117071953475
2022-04-03,ETH,2885.8923206275476
2022-04-04,ETH,2715.4131063802492
2022-04-05,ETH,2646.867206643151
2022-04-06,ETH,2687.837684375852
2022-04-07,ETH,2826.093030848944
2022-04-08,ETH,2827.5621546576185
2022-04-09,ETH,2776.100315530145
2022-04-10,ETH,2763.406843833633
2022-04-11,ETH,2858.3904164861224
2022-04-12,ETH,2812.22997101105
2022-04-13,ETH,2756.0421781686923
2022-04-14,ETH,2722.7806404594076
2022-04-15,ETH,2657.888023495334
2022-04-16,ETH,2666.039122588358
2022-04-17,ETH,2774.3255308860184
2022-04-18,ETH,2796.733707783666
2022-04-19,ETH,2779.08956914182
2022-04-20,ETH,2758.8153278017894
2022-04-21,ETH,2651.0014587190094
2022-04-22,ETH,2709.529591404663
2022-04-23,ETH,2704.2570366892082
2022-04-24,ETH,2692.0554347814955
2022-04-25,ETH,2906.9559993279627
2022-04-26,ETH,2928.6675383102206
2022-04-27,ETH,2873.6238872100726
2022-04-28,ETH,2842.9941028863295
2022-04-29,ETH,2924.6197123546167
2022-04-30,ETH,2932.9015342417474
2022-05-01,ETH,2827.4433420099194
2022-05-02,ETH,2892.420035281108
2022-05-03,ETH,2844.106201794419
2022-05-04,ETH,2977.3026473731197
2022-05-05,ETH,3057.693396506681
2022-05-06,ETH,3023.4990663449657
2022-05-07,ETH,3120.327860686934
2022-05-08,ETH,3125.6211466869286
2022-05-09,ETH,3192.257332494427
2022-05-10,ETH,3230.942129752151
2022-05-11,ETH,3162.578895416998
2022-05-12,ETH,3111.6969674710895
2022-05-13,ETH,3191.820116288123
2022-05-14,ETH,3165.1065503017553
2022-05-15,ETH,3133.1667904260935
2022-05-16,ETH,3058.3528317660057
2022-05-17,ETH,3090.7407168107857
2022-05-18,ETH,3250.1089604943277
2022-05-19,ETH,3163.369003238317
2022-05-20,ETH,3165.284380201164
2022-05-21,ETH,3277.0363718375506
2022-05-22,ETH,3270.5116784421516
2022-05-23,ETH,3307.498859507967
2022-05-24,ETH,3219.6522249406057
2022-05-25,ETH,3254.1272224026675
2022-05-26,ETH,3238.9024412209715
2022-05-27,ETH,3318.7195234557776
2022-05-28,ETH,3417.2345552359525
2022-05-29,ETH,3638.463214248169
2022-05-30,ETH,3691.1875637105577
2022-05-31,ETH,3721.251946512328
2022-06-01,ETH,3739.3357705277303
2022-06-02,ETH,3706.320586736438
2022-06-03,ETH,3737.6838276689314
2022-06-04,ETH,3710.08090083525
2022-06-05,ETH,3725.705997100099
2022-06-06,ETH,3848.430523104571
2022-06-07,ETH,3751.590294828917
2022-06-08,ETH,3858.4992285092994
2022-06-09,ETH,3985.5514152890205
2022-06-10,ETH,3973.787210667761
2022-06-11,ETH,3762.992214153434
2022-06-12,ETH,3705.8114790277436
2022-06-13,ETH,3825.971910999807
2022-06-14,ETH,3823.784596899444
2022-06-15,ETH,3728.2566848120314
2022-06-16,ETH,3681.208422952167
2022-06-17,ETH,3758.570861003938
2022-06-18,ETH,3809.9442824582984
2022-06-19,ETH,3787.186332830115
2022-06-20,ETH,3752.4555228557897
2022-06-21,ETH,3715.704147105708
2022-06-22,ETH,3630.0190634088676
2022-06-23,ETH,3776.6151770924002
2022-06-24,ETH,3746.183167694623
2022-06-25,ETH,3860.1756367729367
2022-06-26,ETH,4006.989315759503
2022-06-27,ETH,4106.994843326631
2022-06-28,ETH,4062.6782833614297
2022-06-29,ETH,4103.683920120182
2022-06-30,ETH,4101.201642098083
2022-07-01,ETH,4008.5450532182454
2022-07-02,ETH,4041.050273073509
2022-07-03,ETH,3921.9362963227372
2022-07-04,ETH,4038.3863688727824
2022-07-05,ETH,3991.478764868974
2022-07-06,ETH,4011.5518772380933
2022-07-07,ETH,4039.9624770605865
2022-07-08,ETH,4013.8133175883654
2022-07-09,ETH,4072.685302431066
2022-07-10,ETH,4024.331973871133
2022-07-11,ETH,4111.99171319375
2022-07-12,ETH,3973.6252809112048
2022-07-13,ETH,3986.179908218119
2022-07-14,ETH,4179.402903705809
2022-07-15,ETH,4074.8832126376988
2022-07-16,ETH,4005.8399225666653
2022-07-17,ETH,4057.3057370837673
2022-07-18,ETH,4075.521191937249
2022-07-19,ETH,4111.24620194026
2022-07-20,ETH,4161.5254202117
2022-07-21,ETH,4227.560658366048
2022-07-22,ETH,4344.843743227278
2022-07-23,ETH,4389.358693912619
2022-07-24,ETH,4362.8845343182975
2022-07-25,ETH,4436.243569297462
2022-07-26,ETH,4646.952044700046
2022-07-27,ETH,4631.543478226327
2022-07-28,ETH,4518.704107091634
2022-07-29,ETH,4643.768356271354
2022-07-30,ETH,4629.792800274882
2022-07-31,ETH,4378.317554737075
2022-08-01,ETH,4471.0745848703855
2022-08-02,ETH,4411.237278700802
2022-08-03,ETH,4401.253183954221
2022-08-04,ETH,4437.781421127397
2022-08-05,ETH,4458.916319618754
2022-08-06,ETH,4538.000976754364
2022-08-07,ETH,4488.595037379135
2022-08-08,ETH,4546.173140862726
2022-08-09,ETH,4516.674537501922
2022-08-10,ETH,4600.098699678525
2022-08-11,ETH,4670.867478754348
2022-08-12,ETH,4561.634723460641
2022-08-13,ETH,4685.481066715673
2022-08-14,ETH,4622.699902352333
2022-08-15,ETH,4716.085119982566
2022-08-16,ETH,4759.389075819827
2022-08-17,ETH,4978.104858587052
2022-08-18,ETH,4950.293931272696
2022-08-19,ETH,4907.063410874807
2022-08-20,ETH,4904.681079937174
2022-08-21,ETH,4867.506076320005
2022-08-22,ETH,4964.849128030153
2022-08-23,ETH,4764.230670157096
2022-08-24,ETH,4638.731017709537
2022-08-25,ETH,4514.89975438128
2022-08-26,ETH,4622.163342220984
2022-08-27,ETH,4819.831702807514
2022-08-28,ETH,4807.246011436505
2022-08-29,ETH,4786.956822550279
2022-08-30,ETH,4795.340239554006
2022-08-31,ETH,4934.63028400305
2022-09-01,ETH,4820.226662504501
2022-09-02,ETH,4848.951475656809
2022-09-03,ETH,4967.168625306573
2022-09-04,ETH,5029.394106287803
2022-09-05,ETH,5053.231122917359
2022-09-06,ETH,5179.694054678237
2022-09-07,ETH,4829.6461487666775
2022-09-08,ETH,4911.493596924588
2022-09-09,ETH,4831.181383684978
2022-09-10,ETH,4610.078394393622
2022-09-11,ETH,4668.995495874321
2022-09-12,ETH,4829.335634880199
2022-09-13,ETH,4812.741009638878
2022-09-14,ETH,4927.389469897995
2022-09-15,ETH,5125.997542671963
2022-09-16,ETH,5294.503749119355
2022-09-17,ETH,5511.5737078488455
2022-09-18,ETH,5613.830967040437
2022-09-19,ETH,5624.417759490994
2022-09-20,ETH,5399.164635427698
2022-09-21,ETH,5365.951338327284
2022-09-22,ETH,5252.830833410363
2022-09-23,ETH,5537.920704511368
2022-09-24,ETH,5513.569662453898
2022-09-25,ETH,5530.552119577784
2022-09-26,ETH,5606.802584962203
2022-09-27,ETH,5612.914342687997
2022-09-28,ETH,5850.768750098548
2022-09-29,ETH,5759.694314400929
2022-09-30,ETH,5787.7163007376785
2022-10-01,ETH,5680.286072946107
2022-10-02,ETH,5492.833435784549
2022-10-03,ETH,5408.824792846946
2022-10-04,ETH,5403.816654193869
2022-10-05,ETH,5345.819891430648
2022-10-06,ETH,5253.280945244308
2022-10-07,ETH,5068.586426872519
2022-10-08,ETH,5058.055732436937
2022-10-09,ETH,4867.781744597383
2022-10-10,ETH,4960.2764082203985
2022-10-11,ETH,4970.499507259912
2022-10-12,ETH,4789.380532012503
2022-10-13,ETH,4752.357533663899
2022-10-14,ETH,4662.99462964885
2022-10-15,ETH,4700.202355348986
2022-10-16,ETH,4857.712063939651
2022-10-17,ETH,4629.98586574551
2022-10-18,ETH,4643.300093761626
2022-10-19,ETH,4624.711478144904
2022-10-20,ETH,4702.330332077382
2022-10-21,ETH,4727.393356368851
2022-10-22,ETH,4638.52198579247
2022-10-23,ETH,4601.52351841139
2022-10-24,ETH,4509.950225877769
2022-10-25,ETH,4631.268691821991
2022-10-26,ETH,4633.736191103627
2022-10-27,ETH,4853.976593272698
2022-10-28,ETH,4846.615439013071
2022-10-29,ETH,4760.781059672831
2022-10-30,ETH,4580.619489420199
2022-10-31,ETH,4374.132070840078
2022-11-01,ETH,4200.901575018308
2022-11-02,ETH,4228.9558942423955
2022-11-03,ETH,4282.740286380816
2022-11-04,ETH,4113.4445583797215
2022-11-05,ETH,4205.4868204441655
2022-11-06,ETH,4154.69914828605
2022-11-07,ETH,4169.946168332818
2022-11-08,ETH,4338.017999115339
2022-11-09,ETH,4435.280626478812
2022-11-10,ETH,4405.505406971999
2022-11-11,ETH,4307.351602779037
2022-11-12,ETH,4075.635964834027
2022-11-13,ETH,4002.3607865306726
2022-11-14,ETH,3981.235301812302
2022-11-15,ETH,3882.9804522442855
2022-11-16,ETH,3870.238746308278
2022-11-17,ETH,3877.674624687123
2022-11-18,ETH,3855.8766663154656
2022-11-19,ETH,3793.218421704415
2022-11-20,ETH,3809.2120219196827
2022-11-21,ETH,3851.2981628025527
2022-11-22,ETH,3746.3118637106218
2022-11-23,ETH,3878.456681539045
2022-11-24,ETH,3868.8974365295862
2022-11-25,ETH,3870.7206179768577
2022-11-26,ETH,3939.2531222280513
2022-11-27,ETH,3962.2205565588933
2022-11-28,ETH,4056.633995661404
2022-11-29,ETH,4085.7529368997443
2022-11-30,ETH,4023.1962418471358
2022-12-01,ETH,4059.556232447728
2022-12-02,ETH,3943.480711119168
2022-12-03,ETH,3954.1832887625305
2022-12-04,ETH,3950.898351920229
2022-12-05,ETH,3930.3421382101064
2022-12-06,ETH,3917.712228271379
2022-12-07,ETH,3733.398652838706
2022-12-08,ETH,3682.183432055227
2022-12-09,ETH,3690.7302309735423
2022-12-10,ETH,3705.479901437521
2022-12-11,ETH,3610.2791619398186
2022-12-12,ETH,3724.5181280142606
2022-12-13,ETH,3643.866029909138
2022-12-14,ETH,3732.1803339203925
2022-12-15,ETH,3772.0394938238715
2022-12-16,ETH,3711.099620455912
2022-12-17,ETH,3875.8085099497725
2022-12-18,ETH,3760.1508151919916
2022-12-19,ETH,3846.5547730716607
2022-12-20,ETH,3942.7746403546444
2022-12-21,ETH,3876.672031513226
2022-12-22,ETH,4011.625313603527
2022-12-23,ETH,3986.5479904149397
2022-12-24,ETH,4015.32026560622
2022-12-25,ETH,4041.452154476169
2022-12-26,ETH,4027.882095661641
2022-12-27,ETH,4109.528098823506
2022-12-28,ETH,4191.049703653727
2022-12-29,ETH,4007.8450934470034
2022-12-30,ETH,4138.53493451212
2022-12-31,ETH,3966.5279052413166
2023-01-01,ETH,4068.9184885656214
2023-01-02,ETH,4183.530272625611
2023-01-03,ETH,4069.427995445022
2023-01-04,ETH,4027.633516336742
2023-01-05,ETH,3916.299186787643
2023-01-06,ETH,3895.2568103840595
2023-01-07,ETH,3865.2599943014025
2023-01-08,ETH,3940.599760914313
2023-01-09,ETH,4069.684819206384
2023-01-10,ETH,4211.684649635984
2023-01-11,ETH,4152.492788434584
2023-01-12,ETH,4130.7729803869115
2023-01-13,ETH,3956.925455422469
2023-01-14,ETH,3877.2062609254244
2023-01-15,ETH,3970.729480743164
2023-01-16,ETH,4131.105539394295
2023-01-17,ETH,4003.6249028400894
2023-01-18,ETH,3944.324786290408
2023-01-19,ETH,3941.720964248562
2023-01-20,ETH,3969.3288920757473
2023-01-21,ETH,3888.989326006967
2023-01-22,ETH,3930.218547894372
2023-01-23,ETH,3883.661243129865
2023-01-24,ETH,3882.258050022735
2023-01-25,ETH,3935.2784605080597
2023-01-26,ETH,3935.9102960094233
2023-01-27,ETH,3892.970903020504
2023-01-28,ETH,3882.3032085862783
2023-01-29,ETH,3873.726913585202
2023-01-30,ETH,3837.893871465758
2023-01-31,ETH,3813.063075894019
2023-02-01,ETH,3965.4566383248693
2023-02-02,ETH,4021.0641820349724
2023-02-03,ETH,3991.3605489518886
2023-02-04,ETH,4060.9054568164483
2023-02-05,ETH,4027.015222127902
2023-02-06,ETH,4145.119991453269
2023-02-07,ETH,4183.4252724673925
2023-02-08,ETH,4172.203009941962
2023-02-09,ETH,4218.902157578652
2023-02-10,ETH,4053.217837897386
2023-02-11,ETH,3939.041987793693
2023-02-12,ETH,3821.4689695316247
2023-02-13,ETH,3835.1252845578324
2023-02-14,ETH,4001.2355865678564
2023-02-15,ETH,4224.434525299357
2023-02-16,ETH,4291.819652845147
2023-02-17,ETH,4345.558006859786
2023-02-18,ETH,4149.892985423181
2023-02-19,ETH,4093.5920305509517
2023-02-20,ETH,4012.9703983357244
2023-02-21,ETH,3950.6843224942354
2023-02-22,ETH,3934.077243794054
2023-02-23,ETH,3887.6462238258578
2023-02-24,ETH,3695.275787985191
2023-02-25,ETH,3764.369154510614
2023-02-26,ETH,3663.4141355903307
2023-02-27,ETH,3685.3256441873414
2023-02-28,ETH,3876.4173954621947
2023-03-01,ETH,3787.3194348635566
2023-03-02,ETH,3547.744257096308
2023-03-03,ETH,3522.3775112042963
2023-03-04,ETH,3619.3273976808628
2023-03-05,ETH,3796.524912561842
2023-03-06,ETH,3679.8245208976195
2023-03-07,ETH,3725.518670427033
2023-03-08,ETH,3682.180600570058
2023-03-09,ETH,3672.4275761980325
2023-03-10,ETH,3915.2065619110613
2023-03-11,ETH,3768.0955796088033
2023-03-12,ETH,3791.998462030032
2023-03-13,ETH,3836.3357567309436
2023-03-14,ETH,3940.4717792943015
2023-03-15,ETH,3950.12427557176
2023-03-16,ETH,3980.545223426713
2023-03-17,ETH,3941.570852568895
2023-03-18,ETH,3968.0904252502137
2023-03-19,ETH,3934.044975689686
2023-03-20,ETH,3995.177269947639
2023-03-21,ETH,3958.2607996151582
2023-03-22,ETH,3995.5773422827197
2023-03-23,ETH,3992.654296399441
2023-03-24,ETH,4105.052530692121
2023-03-25,ETH,4099.778182315156
2023-03-26,ETH,3918.0521865728824
2023-03-27,ETH,4041.659043951777
2023-03-28,ETH,3950.142515322261
2023-03-29,ETH,3885.5807600876788
2023-03-30,ETH,3827.7185084960706
2023-03-31,ETH,3959.2425616963706
2023-04-01,ETH,3747.851255548823
2023-04-02,ETH,4041.846625085675
2023-04-03,ETH,4148.557116326235
2023-04-04,ETH,4171.710100972521
2023-04-05,ETH,4165.985054551177
2023-04-06,ETH,4195.725404754257
2023-04-07,ETH,4250.387570047718
2023-04-08,ETH,4318.947977710798
2023-04-09,ETH,4378.938647332116
2023-04-10,ETH,4388.745355012189
2023-04-11,ETH,4367.093653124958
2023-04-12,ETH,4350.578038201693
2023-04-13,ETH,4329.378946102542
2023-04-14,ETH,4452.091955779964
2023-04-15,ETH,4518.1561834941085
2023-04-16,ETH,4186.027806204503
2023-04-17,ETH,4254.66827842112
2023-04-18,ETH,4275.38172617938
2023-04-19,ETH,4273.382049293672
2023-04-20,ETH,4231.874854712438
2023-04-21,ETH,4350.802463551718
2023-04-22,ETH,4453.864975193832
2023-04-23,ETH,4367.807655823105
2023-04-24,ETH,4412.2558082236765
2023-04-25,ETH,4305.075856459191
2023-04-26,ETH,4156.591835150057
2023-04-27,ETH,4091.466642683093
2023-04-28,ETH,4179.6779958111365
2023-04-29,ETH,4279.27189029651
2023-04-30,ETH,4334.1626906850925
2023-05-01,ETH,4412.729768348331
2023-05-02,ETH,4469.673650681512
2023-05-03,ETH,4397.993316092383
2023-05-04,ETH,4445.483127706023
2023-05-05,ETH,4534.438303697395
2023-05-06,ETH,4619.945491148733
2023-05-07,ETH,4757.2633653965
2023-05-08,ETH,4841.5030639929755
2023-05-09,ETH,4884.0415033341615
2023-05-10,ETH,5014.707957802671
2023-05-11,ETH,5011.383048557492
2023-05-12,ETH,4900.897756604613
2023-05-13,ETH,4880.918393660405
2023-05-14,ETH,4790.023168147353
2023-05-15,ETH,4709.170178653427
2023-05-16,ETH,4692.156103293623
2023-05-17,ETH,4599.202154076338
2023-05-18,ETH,4563.7927208141255
2023-05-19,ETH,4347.741099987362
2023-05-20,ETH,4370.924745435212
2023-05-21,ETH,4371.056471487481
2023-05-22,ETH,4281.767957772244
2023-05-23,ETH,4352.336382257095
2023-05-24,ETH,4454.351897779841
2023-05-25,ETH,4275.335964463675
2023-05-26,ETH,4193.813347543882
2023-05-27,ETH,4113.172361226401
2023-05-28,ETH,4016.522774783602
2023-05-29,ETH,4099.8128896268245
2023-05-30,ETH,4079.946617074641
2023-05-31,ETH,4052.966456275359
2023-06-01,ETH,3849.926782627029
2023-06-02,ETH,3911.084604943694
2023-06-03,ETH,3789.913494202228
2023-06-04,ETH,3795.591981306962
2023-06-05,ETH,3821.912223344802
2023-06-06,ETH,3951.9201663256745
2023-06-07,ETH,3822.6113230912433
2023-06-08,ETH,3534.0507891649345
2023-06-09,ETH,3550.294129883044
2023-06-10,ETH,3710.102736845713
2023-06-11,ETH,3825.0181932168534
2023-06-12,ETH,3845.0669701619695
2023-06-13,ETH,3797.8076186942144
2023-06-14,ETH,3874.4400273624497
2023-06-15,ETH,3780.14136824691
2023-06-16,ETH,3825.158860997642
2023-06-17,ETH,3873.4964524552947
2023-06-18,ETH,3976.1644353441666
2023-06-19,ETH,4250.485987853134
2023-06-20,ETH,4292.184952100713
2023-06-21,ETH,4237.570801715005
2023-06-22,ETH,4234.861477749536
2023-06-23,ETH,4047.5666927287903
2023-06-24,ETH,3977.269249468855
2023-06-25,ETH,3936.5735880824827
2023-06-26,ETH,3884.995774454238
2023-06-27,ETH,3899.793225305951
2023-06-28,ETH,3819.611533289434
2023-06-29,ETH,3926.659074941527
2023-06-30,ETH,3926.6794017750303
2023-07-01,ETH,3925.766417288908
2023-07-02,ETH,3893.585465626586
2023-07-03,ETH,3908.6916704034356
2023-07-04,ETH,3989.3180382627033
2023-07-05,ETH,3902.8365829862505
2023-07-06,ETH,3838.623555250516
2023-07-07,ETH,3809.476308040396
2023-07-08,ETH,3681.2997231241043
2023-07-09,ETH,3605.9013798201045
2023-07-10,ETH,3562.971242194759
2023-07-11,ETH,3640.856829828901
2023-07-12,ETH,3664.755535027541
2023-07-13,ETH,3682.4920275077834
2023-07-14,ETH,3760.827651555438
2023-07-15,ETH,3747.911861046536
2023-07-16,ETH,3784.4975571057926
2023-07-17,ETH,3774.7314953104624
2023-07-18,ETH,3799.7732857591714
2023-07-19,ETH,3744.414516278237
2023-07-20,ETH,3516.1159570282693
2023-07-21,ETH,3504.312429406778
2023-07-22,ETH,3628.9562788380367
2023-07-23,ETH,3712.9861588260646
2023-07-24,ETH,3802.598846277377
2023-07-25,ETH,3920.111577692086
2023-07-26,ETH,3928.800268911541
2023-07-27,ETH,3948.1806190194307
2023-07-28,ETH,3887.215587948068
2023-07-29,ETH,3856.499504626178
2023-07-30,ETH,3915.867532977565
2023-07-31,ETH,4033.723832501724
2023-08-01,ETH,4019.6616383625224
2023-08-02,ETH,3974.4214254143762
2023-08-03,ETH,3974.473883689161
2023-08-04,ETH,4034.210896747072
2023-08-05,ETH,3888.590525932905
2023-08-06,ETH,3665.3678384279788
2023-08-07,ETH,3614.919836878081
2023-08-08,ETH,3504.6003977890646
2023-08-09,ETH,3460.07968931888
2023-08-10,ETH,3447.296397328345
2023-08-11,ETH,3408.234357140349
2023-08-12,ETH,3531.9931009807024
2023-08-13,ETH,3560.8446073396267
2023-08-14,ETH,3587.593169916228
2023-08-15,ETH,3643.3988224223076
2023-08-16,ETH,3539.668241415858
2023-08-17,ETH,3631.6210162461675
2023-08-18,ETH,3624.742336864591
2023-08-19,ETH,3685.5003238486242
2023-08-20,ETH,3586.7420693613994
2023-08-21,ETH,3447.4187710686774
2023-08-22,ETH,3517.9089750621383
2023-08-23,ETH,3551.0133363160717
2023-08-24,ETH,3470.9334088268674
2023-08-25,ETH,3395.469842746376
2023-08-26,ETH,3491.004339507829
2023-08-27,ETH,3387.1982875212775
2023-08-28,ETH,3526.299762876931
2023-08-29,ETH,3446.9032958011603
2023-08-30,ETH,3501.91517661097
2023-08-31,ETH,3473.145325922467
2023-09-01,ETH,3525.519266095437
2023-09-02,ETH,3477.56215616029
2023-09-03,ETH,3463.4090949240813
2023-09-04,ETH,3466.9520910296396
2023-09-05,ETH,3380.0886936440083
2023-09-06,ETH,3442.6899934922785
2023-09-07,ETH,3398.519113246873
2023-09-08,ETH,3379.096583707631
2023-09-09,ETH,3295.096519338845
2023-09-10,ETH,3084.018101326815
2023-09-11,ETH,3069.289774383943
2023-09-12,ETH,3254.415170460881
2023-09-13,ETH,3318.250872894481
2023-09-14,ETH,3316.6531035978323
2023-09-15,ETH,3294.855161482807
2023-09-16,ETH,3296.7057080550344
2023-09-17,ETH,3341.797975804638
2023-09-18,ETH,3243.1470289045565
2023-09-19,ETH,3333.4947562372877
2023-09-20,ETH,3393.1127528306256
2023-09-21,ETH,3454.0348814506387
2023-09-22,ETH,3491.8976438636046
2023-09-23,ETH,3493.610127883158
2023-09-24,ETH,3552.377998599
2023-09-25,ETH,3604.93668629807
2023-09-26,ETH,3573.0293276152115
2023-09-27,ETH,3521.7919286918936
2023-09-28,ETH,3530.759845655397
2023-09-29,ETH,3667.490299430653
2023-09-30,ETH,3553.8799699327387
2023-10-01,ETH,3423.494753749543
2023-10-02,ETH,3437.596200639458
2023-10-03,ETH,3441.9694849034463
2023-10-04,ETH,3456.8854028840797
2023-10-05,ETH,3477.9683591049993
2023-10-06,ETH,3458.5610996224805
2023-10-07,ETH,3587.3806929349544
2023-10-08,ETH,3443.804392344219
2023-10-09,ETH,3372.474850019661
2023-10-10,ETH,3363.7692479759744
2023-10-11,ETH,3225.5865481865094
2023-10-12,ETH,3211.405708152123
2023-10-13,ETH,3344.797077505709
2023-10-14,ETH,3346.543604131001
2023-10-15,ETH,3365.8448701435027
2023-10-16,ETH,3259.8068923837095
2023-10-17,ETH,3209.5764132305494
2023-10-18,ETH,3179.47087691512
2023-10-19,ETH,3154.216729482802
2023-10-20,ETH,3255.2812869687696
2023-10-21,ETH,3300.667318815976
2023-10-22,ETH,3208.953494948475
2023-10-23,ETH,3228.7290542052474
2023-10-24,ETH,3268.9446300754603
2023-10-25,ETH,3362.121731999455
2023-10-26,ETH,3494.9709867649767
2023-10-27,ETH,3406.2778680331758
2023-10-28,ETH,3337.22771816907
2023-10-29,ETH,3232.3071259559306
2023-10-30,ETH,3213.396524500763
2023-10-31,ETH,3250.8613839912055
2023-11-01,ETH,3331.103575317734
2023-11-02,ETH,3324.7785571576173
2023-11-03,ETH,3298.193002485675
2023-11-04,ETH,3310.706181188327
2023-11-05,ETH,3241.583362023275
2023-11-06,ETH,3410.918710887004
2023-11-07,ETH,3273.828683932984
2023-11-08,ETH,3288.948909089864
2023-11-09,ETH,3455.337345768934
2023-11-10,ETH,3455.924739690274
2023-11-11,ETH,3439.5057246260603
2023-11-12,ETH,3408.769835176114
2023-11-13,ETH,3393.3969920934046
2023-11-14,ETH,3509.862489207588
2023-11-15,ETH,3315.779210360527
2023-11-16,ETH,3442.8924000411407
2023-11-17,ETH,3320.32911858727
2023-11-18,ETH,3298.1947812548665
2023-11-19,ETH,3262.801488582071
2023-11-20,ETH,3310.8098007000153
2023-11-21,ETH,3178.5326565261635
2023-11-22,ETH,3215.258429328544
2023-11-23,ETH,3377.975393824642
2023-11-24,ETH,3262.8561876992444
2023-11-25,ETH,3278.330786270052
2023-11-26,ETH,3224.075872434234
2023-11-27,ETH,3258.4031890808683
2023-11-28,ETH,3259.9629685557506
2023-11-29,ETH,3207.682379348307
2023-11-30,ETH,3246.8058626371408
2023-12-01,ETH,3393.265063164487
2023-12-02,ETH,3377.0703839921403
2023-12-03,ETH,3437.8372147439345
2023-12-04,ETH,3326.685667159148
2023-12-05,ETH,3247.1415875013954
2023-12-06,ETH,3285.4908392789484
2023-12-07,ETH,3407.3920796834977
2023-12-08,ETH,3437.6849323855477
2023-12-09,ETH,3410.780060523254
2023-12-10,ETH,3410.719639016929
2023-12-11,ETH,3304.0998836411995
2023-12-12,ETH,3354.034359127952
2023-12-13,ETH,3428.0187443086343
2023-12-14,ETH,3389.274390931821
2023-12-15,ETH,3349.4468455803244
2023-12-16,ETH,3371.7104705207375
2023-12-17,ETH,3334.8981578534595
2023-12-18,ETH,3329.384519486217
2023-12-19,ETH,3504.1540499881894
2023-12-20,ETH,3482.513647245183
2023-12-21,ETH,3451.3155355009376
2023-12-22,ETH,3395.4437581590637
2023-12-23,ETH,3458.6153077716026
2023-12-24,ETH,3442.945690280843
2023-12-25,ETH,3387.05178768901
2023-12-26,ETH,3498.934917303785
2023-12-27,ETH,3623.112380333838
2023-12-28,ETH,3568.7273289720356
2023-12-29,ETH,3402.198025596066
2023-12-30,ETH,3487.892052754171
2023-12-31,ETH,3428.1941795455014
2024-01-01,ETH,3495.9546314767385
2024-01-02,ETH,3323.7697923262463
2024-01-03,ETH,3397.939494069998
2024-01-04,ETH,3295.0522707546947
2024-01-05,ETH,3355.2499200025995
2024-01-06,ETH,3356.447162745509
2024-01-07,ETH,3276.4009813038847
2024-01-08,ETH,3243.0606269263944
2024-01-09,ETH,3298.704936058623
2024-01-10,ETH,3307.437799938434
2024-01-11,ETH,3355.760539498169
2024-01-12,ETH,3521.572072552663
2024-01-13,ETH,3383.8573331895027
2024-01-14,ETH,3520.6677489678486
2024-01-15,ETH,3529.8528135591305
2024-01-16,ETH,3450.538428515244
2024-01-17,ETH,3335.7809713254983
2024-01-18,ETH,3320.0093663044063
2024-01-19,ETH,3396.506541405524
2024-01-20,ETH,3385.6760058627033
2024-01-21,ETH,3513.5830305746927
2024-01-22,ETH,3386.112373601001
2024-01-23,ETH,3385.089010203867
2024-01-24,ETH,3279.1024280755114
2024-01-25,ETH,3308.9120828065415
2024-01-26,ETH,3382.2778928360844
2024-01-27,ETH,3346.699560013147
2024-01-28,ETH,3128.811525809293
2024-01-29,ETH,3144.373307177675
2024-01-30,ETH,3178.705033284832
2024-01-31,ETH,3210.8333775980173
2024-02-01,ETH,3310.0306453216126
2024-02-02,ETH,3221.4001327610417
2024-02-03,ETH,3276.1813390711486
2024-02-04,ETH,3373.853110548211
2024-02-05,ETH,3223.835779231141
2024-02-06,ETH,3249.598404063495
2024-02-07,ETH,3208.6388547084066
2024-02-08,ETH,3202.0994342970657
2024-02-09,ETH,3229.9318010784777
2024-02-10,ETH,3190.5889252378734
2024-02-11,ETH,3136.6912573862037
2024-02-12,ETH,3139.369397120036
2024-02-13,ETH,3054.037731429813
2024-02-14,ETH,2971.133958596063
2024-02-15,ETH,3021.596684384937
2024-02-16,ETH,2934.816878193022
2024-02-17,ETH,2983.7045075385063
2024-02-18,ETH,3018.210400679416
2024-02-19,ETH,2887.9892052194587
2024-02-20,ETH,2839.0692201748675
2024-02-21,ETH,2923.8232014676973
2024-02-22,ETH,2852.104337857033
2024-02-23,ETH,2818.9911025807355
2024-02-24,ETH,2851.5547412539254
2024-02-25,ETH,2907.401764278878
2024-02-26,ETH,2889.118649252115
2024-02-27,ETH,2845.961703087068
2024-02-28,ETH,2947.1619569375484
2024-02-29,ETH,3075.282430339441
2024-03-01,ETH,3150.5390544735806
2024-03-02,ETH,3157.2590079787374
2024-03-03,ETH,3093.461402216456
2024-03-04,ETH,3029.2377092572237
2024-03-05,ETH,3068.8081950394694
2024-03-06,ETH,3100.9077922657975
2024-03-07,ETH,3209.5634922282065
2024-03-08,ETH,3261.755013991218
2024-03-09,ETH,3139.188021223805
2024-03-10,ETH,3221.7445552365725
2024-03-11,ETH,3141.3571454404173
2024-03-12,ETH,3111.2023729706334
2024-03-13,ETH,3130.662959855834
2024-03-14,ETH,3286.8570171172123
2024-03-15,ETH,3542.4034578289434
2024-03-16,ETH,3596.1349043946575
2024-03-17,ETH,3579.664910520971
2024-03-18,ETH,3627.498688379498
2024-03-19,ETH,3707.997910706755
2024-03-20,ETH,3678.272038566821
2024-03-21,ETH,3843.3539319110687
2024-03-22,ETH,3865.4600158349695
2024-03-23,ETH,3913.5601660609937
2024-03-24,ETH,3978.713531722351
2024-03-25,ETH,4020.6478405334683
2024-03-26,ETH,4104.9749483221985
2024-03-27,ETH,4041.629726633519
2024-03-28,ETH,3985.218502504021
2024-03-29,ETH,3875.6096273828484
2024-03-30,ETH,3918.1930073988074
2024-03-31,ETH,3994.4935964305287
2024-04-01,ETH,4040.2078659921126
2024-04-02,ETH,4209.340303510988
2024-04-03,ETH,4208.751414821079
2024-04-04,ETH,4279.115599549199
2024-04-05,ETH,4162.327743320968
2024-04-06,ETH,4122.046847544955
2024-04-07,ETH,4193.722828068018
2024-04-08,ETH,4282.745300697625
2024-04-09,ETH,4251.270661605895
2024-04-10,ETH,4243.660966635466
2024-04-11,ETH,4082.627427358714
2024-04-12,ETH,4046.1869971691885
2024-04-13,ETH,4136.253416637492
2024-04-14,ETH,4195.7332594659365
2024-04-15,ETH,4248.249754942778
2024-04-16,ETH,4253.536031302006
2024-04-17,ETH,4254.2871162950005
2024-04-18,ETH,4184.057223388022
2024-04-19,ETH,4257.155675874454
2024-04-20,ETH,4301.959359864376
2024-04-21,ETH,4354.875487073184
2024-04-22,ETH,4297.605081031197
2024-04-23,ETH,4066.2496441901667
2024-04-24,ETH,4177.782064784936
2024-04-25,ETH,4127.770101393457
2024-04-26,ETH,4038.7366013178544
2024-04-27,ETH,4108.756067912583
2024-04-28,ETH,4068.488960088429
2024-04-29,ETH,4176.297447010672
2024-04-30,ETH,4240.717456310861
2024-05-01,ETH,4313.188065348232
2024-05-02,ETH,4165.897468564623
2024-05-03,ETH,4292.118328083706
2024-05-04,ETH,4320.151282916966
2024-05-05,ETH,4280.267955245306
2024-05-06,ETH,4295.611481793226
2024-05-07,ETH,4104.861070273134
2024-05-08,ETH,4146.797645700751
2024-05-09,ETH,4040.0827620337295
2024-05-10,ETH,3903.460264419937
2024-05-11,ETH,3754.898549630532
2024-05-12,ETH,3859.3493487665432
2024-05-13,ETH,3798.635667050271
2024-05-14,ETH,3944.2874866110747
2024-05-15,ETH,3891.4536114604475
2024-05-16,ETH,3725.3510042071775
2024-05-17,ETH,3621.3648681175628
2024-05-18,ETH,3733.2479877251767
2024-05-19,ETH,3718.6978237483745
2024-05-20,ETH,3667.7249543421626
2024-05-21,ETH,3682.397525344909
2024-05-22,ETH,3728.5916129930133
2024-05-23,ETH,3832.7497093265692
2024-05-24,ETH,3971.5430843848662
2024-05-25,ETH,3935.822167455812
2024-05-26,ETH,3805.3449705061826
2024-05-27,ETH,3766.010531222183
2024-05-28,ETH,3790.516009443758
2024-05-29,ETH,3699.1874184676167
2024-05-30,ETH,3610.670402918754
2024-05-31,ETH,3641.703021138612
2024-06-01,ETH,3637.2735857461216
2024-06-02,ETH,3640.2558768736812
2024-06-03,ETH,3571.2279493806013
2024-06-04,ETH,3550.657612627379
2024-06-05,ETH,3468.6167263889092
2024-06-06,ETH,3545.810653854716
2024-06-07,ETH,3637.5806068662027
2024-06-08,ETH,3469.689177758476
2024-06-09,ETH,3389.0613334530117
2024-06-10,ETH,3262.265597632836
2024-06-11,ETH,3209.2518296614967
2024-06-12,ETH,3202.557493231173
2024-06-13,ETH,3086.493189209366
2024-06-14,ETH,3015.3603383439386
2024-06-15,ETH,2939.678007314875
2024-06-16,ETH,2954.910487561599
2024-06-17,ETH,2960.0331452806345
2024-06-18,ETH,2906.623968278834
2024-06-19,ETH,2919.4727629051426
2024-06-20,ETH,2879.5723224807625
2024-06-21,ETH,2860.0160590568785
2024-06-22,ETH,2979.6685553647817
2024-06-23,ETH,3079.5217965075544
2024-06-24,ETH,2979.469577871285
2024-06-25,ETH,3041.2736402923997
2024-06-26,ETH,3102.9656141173837
2024-06-27,ETH,3013.8900765935655
2024-06-28,ETH,3075.582721979801
2024-06-29,ETH,3193.8336428760736
2024-06-30,ETH,3104.2031086805932
2024-07-01,ETH,3033.000230950201
2024-07-02,ETH,3110.164417549338
2024-07-03,ETH,3131.2742939308737
2024-07-04,ETH,3174.4448810401304
2024-07-05,ETH,3201.474423403631
2024-07-06,ETH,3232.744498358121
2024-07-07,ETH,3125.5408614825446
2024-07-08,ETH,3207.376718657533
2024-07-09,ETH,3301.159611459725
2024-07-10,ETH,3282.228224970723
2024-07-11,ETH,3278.660693175356
2024-07-12,ETH,3153.161143533973
2024-07-13,ETH,3193.6993463977974
2024-07-14,ETH,3239.3738333404085
2024-07-15,ETH,3234.337334511999
2024-07-16,ETH,3325.2507857373284
2024-07-17,ETH,3297.4785213670034
2024-07-18,ETH,3344.0229192087704
2024-07-19,ETH,3258.7783962466133
2024-07-20,ETH,3256.8596152352607
2024-07-21,ETH,3242.663431702559
2024-07-22,ETH,3260.9283756944355
2024-07-23,ETH,3230.8033544990376
2024-07-24,ETH,3220.1843019210196
2024-07-25,ETH,3286.684905274074
2024-07-26,ETH,3250.797244631714
2024-07-27,ETH,3120.2308343224713
2024-07-28,ETH,3256.708475450873
2024-07-29,ETH,3369.18330561381
2024-07-30,ETH,3260.336558143376
2024-07-31,ETH,3316.5535474403196
2024-08-01,ETH,3274.849978451694
2024-08-02,ETH,3296.422005987924
2024-08-03,ETH,3320.6691783272413
2024-08-04,ETH,3301.209409385494
2024-08-05,ETH,3236.525044635817
2024-08-06,ETH,3180.651209381548
2024-08-07,ETH,3107.799036281523
2024-08-08,ETH,3043.1706298541194
2024-08-09,ETH,3038.059754873069
2024-08-10,ETH,2983.6967144464247
2024-08-11,ETH,3034.572627135128
2024-08-12,ETH,3147.4015389549872
2024-08-13,ETH,3101.76002734089
2024-08-14,ETH,3120.3244100940437
2024-08-15,ETH,3159.3039012700133
2024-08-16,ETH,3196.5838666681025
2024-08-17,ETH,3202.653801268328
2024-08-18,ETH,3262.1176680257013
2024-08-19,ETH,3301.4464887488625
2024-08-20,ETH,3199.294582287641
2024-08-21,ETH,3268.8117394867168
2024-08-22,ETH,3341.32140711663
2024-08-23,ETH,3277.5618021254663
2024-08-24,ETH,3280.670392133426
2024-08-25,ETH,3336.714822003467
2024-08-26,ETH,3319.2543088974517
2024-08-27,ETH,3408.2914841074444
2024-08-28,ETH,3609.710646430619
2024-08-29,ETH,3538.7810926819125
2024-08-30,ETH,3416.600729437138
2024-08-31,ETH,3442.551400321143
2024-09-01,ETH,3504.651800632174
2024-09-02,ETH,3484.424144312162
2024-09-03,ETH,3611.0185578935348
2024-09-04,ETH,3490.1752982809207
2024-09-05,ETH,3550.6354848265146
2024-09-06,ETH,3496.8557116001984
2024-09-07,ETH,3647.1661228932026
2024-09-08,ETH,3828.841985278686
2024-09-09,ETH,3755.4568119888017
2024-09-10,ETH,3703.8608597481784
2024-09-11,ETH,3783.455708000632
2024-09-12,ETH,3746.8384163334285
2024-09-13,ETH,3742.584703936404
2024-09-14,ETH,3744.960161795882
2024-09-15,ETH,3565.232674455152
2024-09-16,ETH,3563.999304842252
2024-09-17,ETH,3502.5445721598744
2024-09-18,ETH,3459.3649555347624
2024-09-19,ETH,3584.216204571974
2024-09-20,ETH,3471.626395281171
2024-09-21,ETH,3542.205010058517
2024-09-22,ETH,3517.5014128224684
2024-09-23,ETH,3492.8999931240796
2024-09-24,ETH,3561.9172428811917
2024-09-25,ETH,3592.198107120917
2024-09-26,ETH,3643.441980333682
2024-09-27,ETH,3731.630096256196
2024-09-28,ETH,3700.722087910474
2024-09-29,ETH,3644.0791377498986
2024-09-30,ETH,3545.219777871209
2024-10-01,ETH,3472.0632344775954
2024-10-02,ETH,3728.049292705527
2024-10-03,ETH,3844.0549634707963
2024-10-04,ETH,3714.2148603847936
2024-10-05,ETH,3591.4175355055168
2024-10-06,ETH,3634.682091101036
2024-10-07,ETH,3684.4104300540293
2024-10-08,ETH,3734.968263247313
2024-10-09,ETH,3711.1619683109607
2024-10-10,ETH,3699.5224413488268
2024-10-11,ETH,3729.8473827909843
2024-10-12,ETH,3737.8565779090645
2024-10-13,ETH,3530.4709154933043
2024-10-14,ETH,3510.1883926898836
2024-10-15,ETH,3435.4734681148325
2024-10-16,ETH,3450.521822639106
2024-10-17,ETH,3708.0393560069288
2024-10-18,ETH,3742.105267961671
2024-10-19,ETH,3712.7737407044683
2024-10-20,ETH,3798.3347509715454
2024-10-21,ETH,3844.1700053680406
2024-10-22,ETH,3884.5428713584242
2024-10-23,ETH,3943.4763000048138
2024-10-24,ETH,4146.224570200631
2024-10-25,ETH,4029.0016347830297
2024-10-26,ETH,4076.708245077006
2024-10-27,ETH,3982.2936053100184
2024-10-28,ETH,4037.598966789958
2024-10-29,ETH,3944.8667740504548
2024-10-30,ETH,3903.7053621609048
2024-10-31,ETH,3874.906760147652
2024-11-01,ETH,3969.436730209
2024-11-02,ETH,4060.580400329218
2024-11-03,ETH,3934.122011250525
2024-11-04,ETH,3939.5249486318494
2024-11-05,ETH,3869.639760111076
2024-11-06,ETH,3747.8907440949683
2024-11-07,ETH,3727.556839230061
2024-11-08,ETH,3698.8096610327298
2024-11-09,ETH,3923.208720639785
2024-11-10,ETH,3965.6735147033296
2024-11-11,ETH,3829.0939838000077
2024-11-12,ETH,3775.0296652605675
2024-11-13,ETH,3871.423471256757
2024-11-14,ETH,4073.554630488386
2024-11-15,ETH,3912.03988885228
2024-11-16,ETH,3728.1814092850286
2024-11-17,ETH,3902.563848891048
2024-11-18,ETH,3940.5762039816263
2024-11-19,ETH,3855.036862048571
2024-11-20,ETH,3906.5622329117045
2024-11-21,ETH,3649.1444185935607
2024-11-22,ETH,3649.4523613700344
2024-11-23,ETH,3679.3615552035167
2024-11-24,ETH,3764.3796556544685
2024-11-25,ETH,3668.9624232604574
2024-11-26,ETH,3676.821997644077
2024-11-27,ETH,3591.756457087641
2024-11-28,ETH,3614.6883634246037
2024-11-29,ETH,3533.778415107588
2024-11-30,ETH,3497.7249666922958
2024-12-01,ETH,3410.6477574779374
2024-12-02,ETH,3466.167666552649
2024-12-03,ETH,3540.556054149433
2024-12-04,ETH,3519.788872164665
2024-12-05,ETH,3523.1536138935194
2024-12-06,ETH,3395.563361955487
2024-12-07,ETH,3370.1240857953503
2024-12-08,ETH,3365.8941910675876
2024-12-09,ETH,3586.426997094784
2024-12-10,ETH,3486.7272830668926
2024-12-11,ETH,3614.3569512069844
2024-12-12,ETH,3704.43203713818
2024-12-13,ETH,3730.421999327693
2024-12-14,ETH,3894.431912895439
2024-12-15,ETH,3930.6603985825195
2024-12-16,ETH,3968.9017145614234
2024-12-17,ETH,3963.6309482904244
2024-12-18,ETH,4084.8753355334147
2024-12-19,ETH,4196.848838767547
2024-12-20,ETH,4131.202013830754
2024-12-21,ETH,3994.9500971540792
2024-12-22,ETH,3974.677659226975
2024-12-23,ETH,3895.180274016191
2024-12-24,ETH,3888.994282267266
2024-12-25,ETH,4009.304028028418
2024-12-26,ETH,3963.4674938343296
2024-12-27,ETH,3959.224266839217
2024-12-28,ETH,3964.9673923312616
2024-12-29,ETH,4049.067411896032
2024-12-30,ETH,3821.622252386686
2024-12-31,ETH,3763.6577687115705
2025-01-01,ETH,3783.5377564578125
2025-01-02,ETH,3897.0513575171008
2025-01-03,ETH,3849.1271299965997
2025-01-04,ETH,3668.549881704242
2025-01-05,ETH,3725.385940498988
2025-01-06,ETH,3666.2116877376666
2025-01-07,ETH,3557.172442485944
2025-01-08,ETH,3501.6498371139182
2025-01-09,ETH,3485.496257399443
2025-01-10,ETH,3432.800375776187
2025-01-11,ETH,3243.518676035965
2025-01-12,ETH,3316.2599501170644
2025-01-13,ETH,3421.955376136976
2025-01-14,ETH,3477.6923556603683
2025-01-15,ETH,3378.77933668085
2025-01-16,ETH,3361.7594508954
2025-01-17,ETH,3361.211373567777
2025-01-18,ETH,3411.528236383379
2025-01-19,ETH,3468.5297976028787
2025-01-20,ETH,3404.867205160816
2025-01-21,ETH,3411.8468046858525
2025-01-22,ETH,3450.851071869152
2025-01-23,ETH,3576.4467223899323
2025-01-24,ETH,3639.437475021393
2025-01-25,ETH,3711.2305369701608
2025-01-26,ETH,3719.008035504728
2025-01-27,ETH,3850.145757873802
2025-01-28,ETH,3889.586920138751
2025-01-29,ETH,3805.8550133262324
2025-01-30,ETH,3939.3805792350436
2025-01-31,ETH,4008.113244185664
2025-02-01,ETH,3963.7189789646054
2025-02-02,ETH,3916.204594585595
2025-02-03,ETH,3945.240857398644
2025-02-04,ETH,3990.925246869031
2025-02-05,ETH,4010.609713967021
2025-02-06,ETH,4041.823153710826
2025-02-07,ETH,4213.596330632933
2025-02-08,ETH,4326.472587992227
2025-02-09,ETH,4347.092079489823
2025-02-10,ETH,4449.39117373968
2025-02-11,ETH,4334.538605163913
2025-02-12,ETH,4377.659359164749
2025-02-13,ETH,4575.672531052383
2025-02-14,ETH,4550.729865700993
2025-02-15,ETH,4454.296039847285
2025-02-16,ETH,4381.681115995073
2025-02-17,ETH,4262.320503417885
2025-02-18,ETH,4178.697834135034
2025-02-19,ETH,4139.991799407343
2025-02-20,ETH,3994.5159010844177
2025-02-21,ETH,3996.0755931671715
2025-02-22,ETH,4086.2147879781883
2025-02-23,ETH,3993.4826197983148
2025-02-24,ETH,4145.163468388374
2025-02-25,ETH,4198.096386021034
2025-02-26,ETH,4306.258301821329
2025-02-27,ETH,4235.438164102562
2025-02-28,ETH,4325.92038307522
2025-03-01,ETH,4207.829905157948
2025-03-02,ETH,4301.480156583247
2025-03-03,ETH,4319.959244339302
2025-03-04,ETH,4379.709812394684
2025-03-05,ETH,4250.990731653349
2025-03-06,ETH,4155.867391560842
2025-03-07,ETH,4217.917423499823
2025-03-08,ETH,4117.91608423586
2025-03-09,ETH,4165.602200249716
2025-03-10,ETH,4023.2283938838314
2025-03-11,ETH,4108.538358267847
2025-03-12,ETH,3981.9416253632007
2025-03-13,ETH,4036.9222781514904
2025-03-14,ETH,4100.062864499897
2025-03-15,ETH,4028.6426580555676
2025-03-16,ETH,4087.262084462547
2025-03-17,ETH,4113.874479165418
2025-03-18,ETH,4058.456285152982
2025-03-19,ETH,3956.126907740243
2025-03-20,ETH,3762.0170000240378
2025-03-21,ETH,3794.901735574054
2025-03-22,ETH,3646.44491675223
2025-03-23,ETH,3655.136601037094
2025-03-24,ETH,3631.0631206100898
2025-03-25,ETH,3692.7133777481504
2025-03-26,ETH,3664.8291913317794
2025-03-27,ETH,3634.644944721168
2025-03-28,ETH,3701.1471986094425
2025-03-29,ETH,3732.1496757523496
2025-03-30,ETH,3761.6482095795213
2025-03-31,ETH,3805.7786993049444
2025-04-01,ETH,3659.6775073612425
2025-04-02,ETH,3728.917570110592
2025-04-03,ETH,3786.013711289136
2025-04-04,ETH,3689.7843046684625
2025-04-05,ETH,3667.2691971474846
2025-04-06,ETH,3663.665437018979
2025-04-07,ETH,3651.3466565089084
2025-04-08,ETH,3681.822618325713
2025-04-09,ETH,3813.5735831373668
2025-04-10,ETH,3916.7085085316185
2025-04-11,ETH,3788.219006532336
2025-04-12,ETH,3847.132440549105
2025-04-13,ETH,3974.9470026718873
2025-04-14,ETH,4013.385586919925
2025-04-15,ETH,4122.848714771254
2025-04-16,ETH,4330.255880291994
2025-04-17,ETH,4441.078987335514
2025-04-18,ETH,4468.75896647218
2025-04-19,ETH,4585.515178705254
2025-04-20,ETH,4602.124812652141
2025-04-21,ETH,4604.874932367132
2025-04-22,ETH,4564.419467244254
2025-04-23,ETH,4742.821326504328
2025-04-24,ETH,4645.7798032280225
2025-04-25,ETH,4823.755878888724
2025-04-26,ETH,4884.036441527178
2025-04-27,ETH,4713.179882762511
2025-04-28,ETH,4756.499814053486
2025-04-29,ETH,4506.780421724678
2025-04-30,ETH,4577.256103821826
2025-05-01,ETH,4678.554384041991
2025-05-02,ETH,4609.270145211259
2025-05-03,ETH,4623.506762873201
2025-05-04,ETH,4849.383265639786
2025-05-05,ETH,4788.069275532278
2025-05-06,ETH,4661.316203451935
2025-05-07,ETH,4833.978744100951
2025-05-08,ETH,5071.156363162718
2025-05-09,ETH,5071.624896407901
2025-05-10,ETH,5199.868924212235
2025-05-11,ETH,5374.256397355939
2025-05-12,ETH,5274.498881439556
2025-05-13,ETH,5210.505254294458
2025-05-14,ETH,5370.842207248706
2025-05-15,ETH,5597.090852446315
2025-05-16,ETH,5675.853235283789
2025-05-17,ETH,5551.010806664445
2025-05-18,ETH,5826.765749278102
2025-05-19,ETH,5749.4196732472465
2025-05-20,ETH,5701.248479439358
2025-05-21,ETH,5750.04230589782
2025-05-22,ETH,5973.454510129368
2025-05-23,ETH,6100.984176346318
2025-05-24,ETH,6164.261372671818
2025-05-25,ETH,6235.657162437042
2025-05-26,ETH,6242.440726316985
2025-05-27,ETH,6329.544547226912
2025-05-28,ETH,5929.270467310591
2025-05-29,ETH,5885.303821124426
2025-05-30,ETH,5920.810143766598
2025-05-31,ETH,5750.436747218783
2025-06-01,ETH,5805.97494229506
2025-06-02,ETH,5776.296072658412
2025-06-03,ETH,6029.799757204089
2025-06-04,ETH,6266.924606133533
2025-06-05,ETH,6193.945396564017
2025-06-06,ETH,6170.588382834348
2025-06-07,ETH,6159.180883102296
2025-06-08,ETH,6089.634572821437
2025-06-09,ETH,6119.325344953978
2025-06-10,ETH,6003.320977884779
2025-06-11,ETH,5833.634808931061
2025-06-12,ETH,5924.451555722479
2025-06-13,ETH,6017.691993837884
2025-06-14,ETH,5896.688881152295
2025-06-15,ETH,6028.679691483724
2025-06-16,ETH,5933.490195748413
2025-06-17,ETH,5971.044032193479
2025-06-18,ETH,6093.501787714861
2025-06-19,ETH,6088.381332137067
2025-06-20,ETH,6157.597234148044
2025-06-21,ETH,6078.0980904771895
2025-06-22,ETH,6048.244511337767
2025-06-23,ETH,6017.117307014539
2025-06-24,ETH,5904.8110697643
2025-06-25,ETH,5878.71561888394
2025-06-26,ETH,5651.1184543534455
2025-06-27,ETH,5581.729254243456
2025-06-28,ETH,5541.976807364493
2025-06-29,ETH,5506.483251193348
2025-06-30,ETH,5473.238210171013
2025-07-01,ETH,5464.786955703635
2025-07-02,ETH,5530.288099555122
2025-07-03,ETH,5651.196383753443
2025-07-04,ETH,5559.397611247102
2025-07-05,ETH,5392.170812214579
2025-07-06,ETH,5251.6987755963655
2025-07-07,ETH,5187.732700978706
2025-07-08,ETH,5142.0908577635
2025-07-09,ETH,5043.106114450805
2025-07-10,ETH,4879.694767587799
2025-07-11,ETH,4824.051507207459
2025-07-12,ETH,4845.931791212667
2025-07-13,ETH,4918.018596342688
2025-07-14,ETH,4849.483172812267
2025-07-15,ETH,4799.41252308995
2025-07-16,ETH,4688.222336374748
2025-07-17,ETH,4684.537490855045
2025-07-18,ETH,4585.1750972254995
2025-07-19,ETH,4650.87238164552
2025-07-20,ETH,4443.226453029457
2025-07-21,ETH,4403.27855118108
2025-07-22,ETH,4436.425038387734
2025-07-23,ETH,4456.814239666061
2025-07-24,ETH,4756.87300920427
2025-07-25,ETH,4798.471866591421
2025-07-26,ETH,4678.023673204716
2025-07-27,ETH,4666.859073009032
2025-07-28,ETH,4459.6217900781085
2025-07-29,ETH,4450.635680122142
2025-07-30,ETH,4357.944954851406
2025-07-31,ETH,4457.675465678842
2025-08-01,ETH,4396.433660692168
2025-08-02,ETH,4383.599820626574
2025-08-03,ETH,4313.94903963712
2025-08-04,ETH,4501.481942622106
2025-08-05,ETH,4465.330229850161
2025-08-06,ETH,4669.904538954474
2025-08-07,ETH,4764.954814187321
2025-08-08,ETH,4822.380468516728
2025-08-09,ETH,4866.834756709695
2025-08-10,ETH,4914.7484161611255
2025-08-11,ETH,4677.897772255724
2025-08-12,ETH,4645.283072050301
2025-08-13,ETH,4743.433022469074
2025-08-14,ETH,4737.634509599154
2025-08-15,ETH,4571.20261183028
2025-08-16,ETH,4565.213827796499
2025-08-17,ETH,4759.703979467346
2025-08-18,ETH,4908.074865977233
2025-08-19,ETH,4900.466857978252
2025-08-20,ETH,5017.030499210015
2025-08-21,ETH,4971.061076725987
2025-08-22,ETH,4759.309833600646
2025-08-23,ETH,4649.314331897288
2025-08-24,ETH,4830.973360661949
2025-08-25,ETH,4797.882028678873
2025-08-26,ETH,4768.68883816108
2025-08-27,ETH,4732.942961665321
2025-08-28,ETH,4958.247208407045
2025-08-29,ETH,5159.794864734007
2025-08-30,ETH,5446.006136096982
2025-08-31,ETH,5424.352106303094
2025-09-01,ETH,5464.441389258345
2025-09-02,ETH,5257.2512812642135
2025-09-03,ETH,5451.366666365551
2025-09-04,ETH,5292.216803379418
2025-09-05,ETH,5320.897385407084
2025-09-06,ETH,5174.931531650029
2025-09-07,ETH,5098.74789390921
2025-09-08,ETH,4992.023142485111
2025-09-09,ETH,4916.159958259164
2025-09-10,ETH,4849.899622113928
2025-09-11,ETH,4783.423406580829
2025-09-12,ETH,4883.078130058516
2025-09-13,ETH,4748.1998465205415
2025-09-14,ETH,4774.379215768008
2025-09-15,ETH,4919.75418732856
2025-09-16,ETH,4856.634188247645
2025-09-17,ETH,4769.467452517804
2025-09-18,ETH,4741.980460097778
2025-09-19,ETH,4881.83630725606
2025-09-20,ETH,4905.526349263649
2025-09-21,ETH,4840.379206281072
2025-09-22,ETH,4898.932868301459
2025-09-23,ETH,4763.931487218851
2025-09-24,ETH,4845.08023786673
2025-09-25,ETH,4894.573617656575
2025-09-26,ETH,4856.908837103386
2025-09-27,ETH,4755.085467724692
2025-09-28,ETH,4649.679378523222
2025-09-29,ETH,4711.847607025329
2025-09-30,ETH,4856.616828018677
2025-10-01,ETH,4779.237839797509
2025-10-02,ETH,4834.006316769341
2025-10-03,ETH,4581.788771989573
2025-10-04,ETH,4514.8238981337945
2025-10-05,ETH,4511.318257824392
2025-10-06,ETH,4408.721472627637
2025-10-07,ETH,4305.501578532948
2025-10-08,ETH,4233.623430170727
2025-10-09,ETH,4264.549279689929
2025-10-10,ETH,4244.577433927181
2025-10-11,ETH,4007.0687893051263
2025-10-12,ETH,3794.6240044776614
2025-10-13,ETH,3737.0533751932003
2025-10-14,ETH,3779.813355223002
2025-10-15,ETH,3520.1869677711843
2025-10-16,ETH,3476.20837643391
2025-10-17,ETH,3430.474696261254
2025-10-18,ETH,3549.5411367114452
2025-10-19,ETH,3515.374867731296
2025-10-20,ETH,3549.0336140207005
2025-10-21,ETH,3561.5667724804716
2025-10-22,ETH,3371.8629029544213
2025-10-23,ETH,3436.6201383429816
2025-10-24,ETH,3455.126037552476
2025-10-25,ETH,3499.0293428277528
2025-10-26,ETH,3842.479866371189
2025-10-27,ETH,3642.2758161395136
2025-10-28,ETH,3799.321338579557
2025-10-29,ETH,3772.0187012250685
2025-10-30,ETH,3799.113951245335
2025-10-31,ETH,3794.791296093424
2025-11-01,ETH,3754.5440874567867
2025-11-02,ETH,3701.057516167861
2025-11-03,ETH,3731.5457857287474
2025-11-04,ETH,3590.0107078779047
2025-11-05,ETH,3657.375389090735
2025-11-06,ETH,3619.3209097531203
2025-11-07,ETH,3517.068820046629
2025-11-08,ETH,3477.5006652597003
2025-11-09,ETH,3586.7940962089583
2025-11-10,ETH,3538.7906779688756
2025-11-11,ETH,3570.502986033986
2025-11-12,ETH,3505.2559469064263
2025-11-13,ETH,3571.6736986998035
2025-11-14,ETH,3632.883947722107
2025-11-15,ETH,3800.7784816246026
2025-11-16,ETH,3784.096489969539
2025-11-17,ETH,3847.3528474616805
2025-11-18,ETH,3856.7853581488985
2025-11-19,ETH,3981.732841007088
2025-11-20,ETH,3910.1778778840576
2025-11-21,ETH,3983.0054602170285
2025-11-22,ETH,3963.6184503789723
2025-11-23,ETH,3957.2580143018863
2025-11-24,ETH,3966.3352206622717
2025-11-25,ETH,3991.346969872795
2025-11-26,ETH,3979.749208895894
2025-11-27,ETH,4001.1118244174545
2025-11-28,ETH,4158.967494928424
2025-11-29,ETH,4261.428825187452
2025-11-30,ETH,4354.02483603771
2025-12-01,ETH,4304.439075785091
2025-12-02,ETH,4208.747001564853
2025-12-03,ETH,4309.2624605667625
2025-12-04,ETH,4403.640349485477
2025-12-05,ETH,4565.768149716503
2025-12-06,ETH,4496.827262089099
2025-12-07,ETH,4471.021245804091
2025-12-08,ETH,4287.767032733827
2025-12-09,ETH,4245.696415987118
2025-12-10,ETH,4351.474812113258
2025-12-11,ETH,4300.7262397962895
2025-12-12,ETH,4369.5894463282775
2025-12-13,ETH,4348.778937291758
2025-12-14,ETH,4384.01024676204
2025-12-15,ETH,4258.222976435229
2025-12-16,ETH,4267.29399734124
2025-12-17,ETH,3948.1925829948373
2025-12-18,ETH,3929.7450323587027
2025-12-19,ETH,3769.5614291116185
2025-12-20,ETH,3883.2131894439935
2025-12-21,ETH,3958.6841515896404
2025-12-22,ETH,4004.869227097538
2025-12-23,ETH,4157.155002931897
2025-12-24,ETH,4058.5351763841045
2025-12-25,ETH,4235.828551500587
2025-12-26,ETH,4334.543642584641
2025-12-27,ETH,4308.909662176275
2025-12-28,ETH,4431.2417777952405
2025-12-29,ETH,4308.6854270276835
2025-12-30,ETH,4219.8711232238775
2025-12-31,ETH,4155.666868249127
2026-01-01,ETH,4100.710489863028
2026-01-02,ETH,3992.3945646427296
2026-01-03,ETH,4114.470319372178
2026-01-04,ETH,4087.8441006881644
2026-01-05,ETH,4123.868734572187
2026-01-06,ETH,4065.0673803803397
2026-01-07,ETH,3880.0455031385254
2026-01-08,ETH,3906.2413741139285
2026-01-09,ETH,3719.49813654293
2026-01-10,ETH,3713.1160313799724
2026-01-11,ETH,3586.0982187132618
2026-01-12,ETH,3764.2623917365922
2026-01-13,ETH,3850.027602244417
2026-01-14,ETH,3860.2064776303464
2026-01-15,ETH,3982.160695203028
2026-01-16,ETH,3897.9065396733686
2026-01-17,ETH,3950.8673352807623
2026-01-18,ETH,3970.602948176451
2026-01-19,ETH,3996.810921009482
2026-01-20,ETH,4123.944830124767
2026-01-21,ETH,4199.463755633917
2026-01-22,ETH,4229.775869569605
2026-01-23,ETH,4054.7807959542956
2026-01-24,ETH,3957.4613639211398
2026-01-25,ETH,3945.3209673283136
2026-01-26,ETH,3954.5305669783866
2026-01-27,ETH,3842.79493757499
2026-01-28,ETH,4074.4844105745005
2026-01-29,ETH,4228.947509034964
2026-01-30,ETH,4292.605678314167
2026-01-31,ETH,4300.33632430903
2026-02-01,ETH,4277.522075768777
2026-02-02,ETH,4175.7257700918535
2026-02-03,ETH,4183.814205038337
2026-02-04,ETH,4210.773923509185
2026-02-05,ETH,4080.05459724719
2026-02-06,ETH,4114.141047933981
2026-02-07,ETH,4098.172107288154
2026-02-08,ETH,3902.7090142939874
2026-02-09,ETH,3818.7632058606728
2026-02-10,ETH,3779.2766660413986
2026-02-11,ETH,3957.6290139454018
